/*
SQLyog Community v13.1.7 (64 bit)
MySQL - 10.4.21-MariaDB : Database - ednevnik
*********************************************************************
*/

/*!40101 SET NAMES utf8 */;

/*!40101 SET SQL_MODE=''*/;

/*!40014 SET @OLD_UNIQUE_CHECKS=@@UNIQUE_CHECKS, UNIQUE_CHECKS=0 */;
/*!40014 SET @OLD_FOREIGN_KEY_CHECKS=@@FOREIGN_KEY_CHECKS, FOREIGN_KEY_CHECKS=0 */;
/*!40101 SET @OLD_SQL_MODE=@@SQL_MODE, SQL_MODE='NO_AUTO_VALUE_ON_ZERO' */;
/*!40111 SET @OLD_SQL_NOTES=@@SQL_NOTES, SQL_NOTES=0 */;
CREATE DATABASE /*!32312 IF NOT EXISTS*/`ednevnik` /*!40100 DEFAULT CHARACTER SET utf8mb4 */;

USE `ednevnik`;

/*Table structure for table `grades` */

DROP TABLE IF EXISTS `grades`;

CREATE TABLE `grades` (
  `id` int(11) NOT NULL,
  `student_id` int(11) DEFAULT NULL,
  `subject_id` int(11) DEFAULT NULL,
  `points` int(11) DEFAULT NULL,
  `note` text DEFAULT NULL,
  PRIMARY KEY (`id`),
  KEY `student_id` (`student_id`),
  KEY `subject_id` (`subject_id`),
  CONSTRAINT `grades_ibfk_1` FOREIGN KEY (`student_id`) REFERENCES `students` (`id`),
  CONSTRAINT `grades_ibfk_2` FOREIGN KEY (`subject_id`) REFERENCES `subjects` (`id`)
) ENGINE=InnoDB DEFAULT CHARSET=utf8mb4;

/*Data for the table `grades` */

insert  into `grades`(`id`,`student_id`,`subject_id`,`points`,`note`) values 
(1,82,18,4,'donec vitae nisi nam ultrices libero'),
(2,19,9,2,'suspendisse accumsan tortor quis turpis sed ante vivamus tortor duis'),
(3,92,19,0,'natoque penatibus et magnis dis parturient montes nascetur ridiculus mus'),
(4,13,15,0,'nisl aenean lectus pellentesque eget nunc donec'),
(5,69,14,0,'consequat dui nec nisi volutpat eleifend donec ut dolor'),
(6,16,1,0,'tincidunt in leo maecenas pulvinar lobortis'),
(7,94,18,2,'vulputate elementum nullam varius nulla facilisi cras non velit nec'),
(8,12,20,0,'habitasse platea dictumst aliquam augue'),
(9,76,14,0,'vel nisl duis ac nibh fusce'),
(10,42,18,5,'nisi volutpat eleifend donec ut dolor'),
(11,90,17,4,'donec odio justo sollicitudin ut suscipit a feugiat et'),
(12,1,5,4,'nulla integer pede justo lacinia eget tincidunt eget tempus'),
(13,39,7,4,'at nunc commodo placerat praesent blandit'),
(14,24,8,0,'eget elit sodales scelerisque mauris sit amet'),
(15,53,17,5,'aliquam sit amet diam in magna bibendum'),
(16,26,8,3,'nibh ligula nec sem duis aliquam convallis nunc proin'),
(17,2,18,5,'ac enim in tempor turpis nec'),
(18,94,15,2,'nec nisi volutpat eleifend donec ut dolor morbi vel'),
(19,42,15,2,'scelerisque mauris sit amet eros suspendisse accumsan tortor'),
(20,2,9,3,'pede morbi porttitor lorem id ligula suspendisse ornare consequat'),
(21,52,17,0,'sit amet erat nulla tempus vivamus'),
(22,36,3,2,'maecenas leo odio condimentum id luctus nec molestie sed'),
(23,52,1,1,'vel est donec odio justo sollicitudin ut suscipit'),
(24,80,17,5,'ut nunc vestibulum ante ipsum primis'),
(25,51,10,0,'cubilia curae donec pharetra magna'),
(26,46,1,2,'aliquam quis turpis eget elit sodales scelerisque mauris sit'),
(27,5,2,1,'donec quis orci eget orci vehicula condimentum curabitur'),
(28,81,18,2,'ut mauris eget massa tempor convallis nulla'),
(29,46,13,5,'convallis morbi odio odio elementum eu interdum'),
(30,98,4,5,'cum sociis natoque penatibus et magnis dis parturient montes'),
(31,67,18,3,'ut volutpat sapien arcu sed augue'),
(32,91,16,4,'vehicula consequat morbi a ipsum integer a'),
(33,93,6,0,'augue luctus tincidunt nulla mollis molestie lorem'),
(34,7,20,0,'donec quis orci eget orci vehicula condimentum curabitur in libero'),
(35,95,7,5,'ipsum primis in faucibus orci'),
(36,61,2,2,'et tempus semper est quam pharetra'),
(37,65,6,1,'aliquam quis turpis eget elit sodales'),
(38,63,3,1,'risus auctor sed tristique in tempus sit amet sem'),
(39,40,10,4,'pede justo lacinia eget tincidunt eget'),
(40,10,18,3,'vitae quam suspendisse potenti nullam porttitor'),
(41,23,3,3,'ullamcorper augue a suscipit nulla elit'),
(42,31,4,4,'nec nisi volutpat eleifend donec ut'),
(43,86,4,0,'tellus in sagittis dui vel nisl duis ac'),
(44,88,3,5,'morbi a ipsum integer a nibh in quis justo'),
(45,87,7,3,'tortor duis mattis egestas metus'),
(46,30,15,2,'turpis integer aliquet massa id lobortis convallis tortor risus dapibus'),
(47,51,12,2,'id turpis integer aliquet massa id'),
(48,69,12,1,'ut massa quis augue luctus'),
(49,22,1,5,'nec sem duis aliquam convallis nunc'),
(50,11,16,1,'morbi ut odio cras mi pede malesuada'),
(51,46,9,3,'iaculis congue vivamus metus arcu adipiscing molestie hendrerit'),
(52,70,11,0,'rutrum nulla tellus in sagittis dui vel nisl duis ac'),
(53,39,15,5,'lorem quisque ut erat curabitur gravida'),
(54,100,9,1,'elit proin interdum mauris non ligula pellentesque'),
(55,58,5,1,'justo aliquam quis turpis eget elit sodales scelerisque mauris'),
(56,76,18,3,'maecenas pulvinar lobortis est phasellus sit amet erat nulla tempus'),
(57,81,5,2,'pulvinar sed nisl nunc rhoncus dui vel sem sed sagittis'),
(58,14,11,4,'enim in tempor turpis nec euismod scelerisque'),
(59,43,15,0,'hac habitasse platea dictumst morbi vestibulum velit id'),
(60,23,17,2,'orci luctus et ultrices posuere cubilia curae mauris viverra'),
(61,33,6,4,'nisl ut volutpat sapien arcu sed'),
(62,1,8,2,'amet sapien dignissim vestibulum vestibulum'),
(63,38,2,3,'auctor sed tristique in tempus sit amet sem fusce'),
(64,60,18,2,'dolor quis odio consequat varius integer ac leo pellentesque ultrices'),
(65,29,3,1,'nulla mollis molestie lorem quisque'),
(66,56,20,4,'lobortis ligula sit amet eleifend pede libero'),
(67,56,1,3,'imperdiet et commodo vulputate justo in blandit'),
(68,37,10,5,'in lectus pellentesque at nulla'),
(69,22,2,4,'tortor sollicitudin mi sit amet lobortis sapien sapien non'),
(70,47,15,0,'nunc commodo placerat praesent blandit nam nulla'),
(71,31,9,2,'sit amet cursus id turpis'),
(72,80,16,0,'nibh fusce lacus purus aliquet at feugiat non pretium'),
(73,39,14,3,'urna pretium nisl ut volutpat sapien'),
(74,86,10,2,'dolor morbi vel lectus in quam'),
(75,91,14,2,'luctus et ultrices posuere cubilia curae duis'),
(76,69,20,3,'erat id mauris vulputate elementum nullam varius nulla facilisi cras'),
(77,93,12,3,'donec pharetra magna vestibulum aliquet ultrices erat tortor sollicitudin'),
(78,6,20,0,'morbi non quam nec dui luctus rutrum nulla tellus'),
(79,36,10,5,'odio cras mi pede malesuada in imperdiet et commodo'),
(80,46,20,4,'consectetuer eget rutrum at lorem'),
(81,98,17,3,'at velit vivamus vel nulla eget eros elementum pellentesque'),
(82,30,7,3,'quis orci nullam molestie nibh'),
(83,47,2,3,'in eleifend quam a odio in hac habitasse'),
(84,9,12,3,'sit amet sem fusce consequat nulla nisl nunc nisl'),
(85,31,8,2,'tortor quis turpis sed ante vivamus tortor'),
(86,82,2,2,'lacus at turpis donec posuere metus vitae ipsum aliquam'),
(87,34,8,1,'ut dolor morbi vel lectus in quam fringilla rhoncus mauris'),
(88,47,15,3,'neque aenean auctor gravida sem praesent id'),
(89,33,17,3,'potenti in eleifend quam a odio in hac'),
(90,21,17,3,'quis justo maecenas rhoncus aliquam lacus morbi quis'),
(91,76,4,4,'consequat in consequat ut nulla sed'),
(92,95,6,0,'ut ultrices vel augue vestibulum ante'),
(93,64,7,2,'vitae mattis nibh ligula nec sem'),
(94,100,9,1,'justo pellentesque viverra pede ac diam cras pellentesque volutpat'),
(95,53,18,2,'nulla dapibus dolor vel est donec odio'),
(96,78,20,4,'nec nisi vulputate nonummy maecenas'),
(97,15,15,5,'in magna bibendum imperdiet nullam orci pede venenatis'),
(98,76,9,5,'interdum in ante vestibulum ante ipsum primis'),
(99,5,6,2,'potenti cras in purus eu magna vulputate luctus cum'),
(100,46,3,4,'erat vestibulum sed magna at nunc commodo placerat praesent'),
(101,97,17,2,'commodo placerat praesent blandit nam nulla integer pede justo lacinia'),
(102,26,5,0,'nunc commodo placerat praesent blandit nam nulla integer pede justo'),
(103,58,11,5,'ultrices posuere cubilia curae duis faucibus'),
(104,57,9,3,'magna bibendum imperdiet nullam orci'),
(105,5,14,1,'leo odio porttitor id consequat in consequat ut nulla'),
(106,15,3,3,'tincidunt in leo maecenas pulvinar lobortis est'),
(107,47,2,2,'platea dictumst aliquam augue quam sollicitudin vitae consectetuer eget'),
(108,55,2,3,'eu massa donec dapibus duis at velit eu est congue'),
(109,29,5,2,'lobortis est phasellus sit amet erat'),
(110,16,19,5,'sed augue aliquam erat volutpat in congue etiam justo etiam'),
(111,74,15,2,'elementum eu interdum eu tincidunt in leo maecenas'),
(112,24,12,2,'nunc purus phasellus in felis donec'),
(113,71,1,3,'quisque id justo sit amet sapien dignissim'),
(114,54,14,3,'aliquam non mauris morbi non lectus aliquam sit'),
(115,100,18,0,'ante ipsum primis in faucibus orci luctus et ultrices posuere'),
(116,81,15,4,'dictumst etiam faucibus cursus urna ut tellus'),
(117,86,5,4,'pulvinar lobortis est phasellus sit amet erat nulla tempus'),
(118,31,6,4,'nulla justo aliquam quis turpis eget elit sodales scelerisque'),
(119,93,18,5,'sed justo pellentesque viverra pede ac diam cras pellentesque volutpat'),
(120,21,13,2,'at ipsum ac tellus semper interdum mauris ullamcorper purus sit'),
(121,32,14,3,'semper sapien a libero nam dui proin'),
(122,59,12,0,'faucibus orci luctus et ultrices posuere cubilia curae mauris viverra'),
(123,23,2,1,'dictumst aliquam augue quam sollicitudin vitae'),
(124,9,13,0,'sit amet nulla quisque arcu libero rutrum ac'),
(125,8,16,4,'dui nec nisi volutpat eleifend donec ut dolor morbi'),
(126,39,4,5,'sit amet consectetuer adipiscing elit proin interdum mauris non ligula'),
(127,82,4,1,'non interdum in ante vestibulum ante ipsum primis in faucibus'),
(128,8,20,0,'ultrices vel augue vestibulum ante'),
(129,58,12,0,'scelerisque quam turpis adipiscing lorem vitae mattis nibh ligula nec'),
(130,9,2,5,'ut blandit non interdum in ante vestibulum ante ipsum primis'),
(131,90,20,5,'mattis nibh ligula nec sem duis'),
(132,82,18,3,'sapien varius ut blandit non interdum'),
(133,24,18,1,'porta volutpat erat quisque erat eros viverra eget congue eget'),
(134,74,10,5,'luctus et ultrices posuere cubilia curae mauris viverra'),
(135,28,5,1,'dolor morbi vel lectus in'),
(136,2,20,1,'vel nulla eget eros elementum'),
(137,54,5,1,'semper sapien a libero nam dui proin'),
(138,63,18,4,'amet cursus id turpis integer aliquet massa id lobortis convallis'),
(139,84,4,3,'enim in tempor turpis nec euismod scelerisque quam turpis'),
(140,70,4,5,'vehicula consequat morbi a ipsum integer a'),
(141,16,11,4,'orci nullam molestie nibh in lectus pellentesque at nulla suspendisse'),
(142,4,8,0,'et eros vestibulum ac est'),
(143,74,15,3,'in purus eu magna vulputate luctus cum sociis natoque penatibus'),
(144,99,2,0,'pulvinar nulla pede ullamcorper augue a suscipit nulla elit ac'),
(145,35,19,4,'enim in tempor turpis nec'),
(146,69,4,4,'sapien placerat ante nulla justo aliquam'),
(147,49,17,5,'sed tristique in tempus sit amet sem fusce consequat'),
(148,49,3,1,'pede lobortis ligula sit amet eleifend pede libero'),
(149,77,2,2,'nisi volutpat eleifend donec ut dolor morbi'),
(150,24,3,1,'lobortis convallis tortor risus dapibus augue vel accumsan tellus nisi'),
(151,80,10,4,'quisque erat eros viverra eget congue eget semper'),
(152,56,14,4,'nulla integer pede justo lacinia eget tincidunt eget'),
(153,32,11,1,'pellentesque quisque porta volutpat erat quisque erat eros viverra eget'),
(154,45,16,1,'aenean auctor gravida sem praesent id massa'),
(155,46,9,0,'eget massa tempor convallis nulla neque'),
(156,59,14,1,'potenti in eleifend quam a odio in hac habitasse platea'),
(157,14,10,5,'sapien placerat ante nulla justo aliquam'),
(158,62,6,3,'orci eget orci vehicula condimentum'),
(159,16,19,0,'aliquam lacus morbi quis tortor id nulla ultrices aliquet maecenas'),
(160,37,8,2,'lectus pellentesque eget nunc donec'),
(161,100,14,3,'mauris enim leo rhoncus sed'),
(162,66,11,2,'diam erat fermentum justo nec condimentum neque sapien'),
(163,33,12,1,'habitasse platea dictumst etiam faucibus cursus urna'),
(164,23,7,5,'faucibus cursus urna ut tellus nulla ut erat'),
(165,82,11,4,'vivamus in felis eu sapien'),
(166,41,7,0,'pellentesque volutpat dui maecenas tristique est et tempus'),
(167,97,20,2,'dictumst maecenas ut massa quis'),
(168,58,19,3,'placerat ante nulla justo aliquam quis turpis eget elit sodales'),
(169,63,14,0,'sed nisl nunc rhoncus dui vel sem'),
(170,98,11,1,'at nunc commodo placerat praesent'),
(171,33,14,4,'at turpis donec posuere metus vitae'),
(172,90,20,5,'risus auctor sed tristique in tempus sit'),
(173,55,9,4,'consequat metus sapien ut nunc vestibulum ante ipsum primis in'),
(174,53,6,2,'ipsum aliquam non mauris morbi'),
(175,23,8,4,'posuere nonummy integer non velit donec diam neque vestibulum'),
(176,4,16,3,'hac habitasse platea dictumst etiam faucibus'),
(177,46,19,3,'quis augue luctus tincidunt nulla mollis'),
(178,94,16,5,'vestibulum rutrum rutrum neque aenean auctor gravida sem'),
(179,94,15,2,'rhoncus dui vel sem sed sagittis nam'),
(180,13,9,4,'nulla suspendisse potenti cras in purus eu'),
(181,17,4,3,'molestie lorem quisque ut erat curabitur gravida nisi at'),
(182,73,17,0,'ac neque duis bibendum morbi'),
(183,62,15,4,'tincidunt nulla mollis molestie lorem quisque ut'),
(184,23,3,5,'sed accumsan felis ut at dolor quis odio'),
(185,70,20,4,'tempus semper est quam pharetra magna ac consequat'),
(186,70,3,2,'integer ac neque duis bibendum morbi'),
(187,3,19,3,'in felis eu sapien cursus vestibulum proin'),
(188,99,17,1,'nulla dapibus dolor vel est donec odio justo sollicitudin ut'),
(189,67,5,3,'aliquam sit amet diam in magna bibendum imperdiet'),
(190,25,16,2,'leo odio porttitor id consequat'),
(191,97,15,3,'cubilia curae duis faucibus accumsan odio curabitur convallis duis consequat'),
(192,5,18,4,'est lacinia nisi venenatis tristique fusce'),
(193,43,3,5,'ultrices aliquet maecenas leo odio condimentum id luctus nec'),
(194,12,4,2,'eu interdum eu tincidunt in leo maecenas pulvinar'),
(195,8,19,4,'in hac habitasse platea dictumst'),
(196,35,2,2,'id massa id nisl venenatis lacinia aenean sit amet'),
(197,59,16,3,'aliquam quis turpis eget elit'),
(198,30,12,3,'tellus in sagittis dui vel nisl duis'),
(199,77,9,5,'lacus at turpis donec posuere metus vitae'),
(200,24,1,2,'odio odio elementum eu interdum eu tincidunt in leo'),
(201,81,6,3,'sit amet nulla quisque arcu libero rutrum'),
(202,12,7,2,'eleifend pede libero quis orci nullam molestie nibh'),
(203,62,17,2,'cum sociis natoque penatibus et magnis dis parturient montes'),
(204,22,19,1,'cras mi pede malesuada in'),
(205,61,18,5,'condimentum curabitur in libero ut massa volutpat convallis morbi odio'),
(206,75,15,2,'nulla sed accumsan felis ut at dolor quis odio'),
(207,54,17,5,'elementum eu interdum eu tincidunt in leo'),
(208,46,8,0,'congue elementum in hac habitasse platea'),
(209,9,20,1,'non quam nec dui luctus rutrum nulla tellus in'),
(210,76,13,5,'elit sodales scelerisque mauris sit amet'),
(211,14,20,0,'etiam vel augue vestibulum rutrum rutrum neque aenean auctor'),
(212,3,13,4,'vitae mattis nibh ligula nec'),
(213,54,10,4,'pede malesuada in imperdiet et commodo vulputate justo in blandit'),
(214,21,1,1,'mi pede malesuada in imperdiet et commodo vulputate justo in'),
(215,97,2,3,'suspendisse potenti in eleifend quam a odio in hac habitasse'),
(216,76,5,4,'donec vitae nisi nam ultrices libero non'),
(217,33,17,2,'quisque erat eros viverra eget congue'),
(218,19,5,5,'sapien iaculis congue vivamus metus'),
(219,70,14,1,'ipsum dolor sit amet consectetuer adipiscing elit'),
(220,27,11,0,'justo nec condimentum neque sapien placerat ante nulla'),
(221,4,7,1,'dolor sit amet consectetuer adipiscing elit proin'),
(222,55,3,3,'augue vestibulum ante ipsum primis in faucibus orci luctus et'),
(223,46,1,1,'donec posuere metus vitae ipsum aliquam non'),
(224,48,17,4,'tincidunt eget tempus vel pede morbi porttitor lorem id'),
(225,85,13,3,'at feugiat non pretium quis lectus suspendisse'),
(226,93,17,5,'non sodales sed tincidunt eu felis fusce posuere felis'),
(227,30,19,1,'nisi eu orci mauris lacinia sapien quis'),
(228,82,2,5,'fermentum donec ut mauris eget massa tempor convallis nulla'),
(229,5,9,3,'laoreet ut rhoncus aliquet pulvinar sed nisl nunc'),
(230,47,20,3,'ut nunc vestibulum ante ipsum primis in faucibus orci luctus'),
(231,2,15,1,'mi integer ac neque duis bibendum'),
(232,14,3,3,'pede posuere nonummy integer non velit donec'),
(233,90,7,0,'at feugiat non pretium quis lectus suspendisse potenti in'),
(234,81,10,4,'non pretium quis lectus suspendisse potenti in eleifend quam a'),
(235,67,16,4,'auctor sed tristique in tempus sit amet sem fusce consequat'),
(236,51,11,0,'erat fermentum justo nec condimentum'),
(237,23,1,4,'hac habitasse platea dictumst maecenas'),
(238,73,7,5,'ut nunc vestibulum ante ipsum primis in faucibus orci'),
(239,51,9,0,'sagittis sapien cum sociis natoque penatibus et magnis dis parturient'),
(240,19,18,5,'cursus id turpis integer aliquet massa id'),
(241,1,20,5,'vel nisl duis ac nibh fusce lacus purus aliquet at'),
(242,29,8,0,'consequat morbi a ipsum integer a'),
(243,29,14,3,'vulputate justo in blandit ultrices'),
(244,91,7,1,'pede lobortis ligula sit amet eleifend pede libero'),
(245,71,11,1,'quis lectus suspendisse potenti in eleifend quam'),
(246,91,6,3,'tristique in tempus sit amet sem fusce'),
(247,51,12,0,'quam pharetra magna ac consequat metus'),
(248,58,14,5,'cras mi pede malesuada in imperdiet'),
(249,2,4,2,'ligula suspendisse ornare consequat lectus in est risus auctor sed'),
(250,35,3,5,'suscipit ligula in lacus curabitur at ipsum ac'),
(251,26,5,0,'duis at velit eu est congue elementum in hac'),
(252,73,16,1,'neque vestibulum eget vulputate ut ultrices vel augue vestibulum ante'),
(253,30,9,3,'augue aliquam erat volutpat in congue'),
(254,12,7,4,'tristique in tempus sit amet sem fusce consequat nulla'),
(255,70,19,4,'lacus curabitur at ipsum ac'),
(256,3,12,5,'in imperdiet et commodo vulputate'),
(257,34,6,5,'laoreet ut rhoncus aliquet pulvinar sed'),
(258,30,19,3,'nisi eu orci mauris lacinia sapien quis libero'),
(259,33,10,5,'curabitur at ipsum ac tellus semper interdum mauris'),
(260,43,11,5,'sapien dignissim vestibulum vestibulum ante ipsum'),
(261,36,11,0,'varius nulla facilisi cras non velit nec nisi'),
(262,62,7,2,'dictumst aliquam augue quam sollicitudin vitae consectetuer'),
(263,78,2,5,'quisque arcu libero rutrum ac lobortis vel dapibus at diam'),
(264,88,17,0,'lacus at turpis donec posuere metus vitae ipsum'),
(265,96,8,3,'sapien quis libero nullam sit amet turpis elementum'),
(266,21,1,2,'congue elementum in hac habitasse'),
(267,59,19,1,'sit amet sapien dignissim vestibulum vestibulum ante'),
(268,32,6,3,'varius integer ac leo pellentesque ultrices mattis odio'),
(269,47,11,2,'volutpat dui maecenas tristique est et tempus semper est'),
(270,56,9,1,'nullam sit amet turpis elementum ligula vehicula'),
(271,96,4,4,'eu massa donec dapibus duis at velit eu'),
(272,95,13,3,'nisl venenatis lacinia aenean sit amet justo morbi'),
(273,88,11,2,'dui maecenas tristique est et tempus semper est'),
(274,74,4,1,'tortor sollicitudin mi sit amet lobortis sapien sapien non'),
(275,50,16,3,'ipsum primis in faucibus orci luctus'),
(276,94,17,4,'ridiculus mus etiam vel augue'),
(277,27,8,2,'cum sociis natoque penatibus et magnis dis parturient montes nascetur'),
(278,62,18,5,'semper rutrum nulla nunc purus phasellus in felis donec'),
(279,78,14,5,'pellentesque volutpat dui maecenas tristique est et'),
(280,27,4,0,'posuere cubilia curae donec pharetra magna vestibulum aliquet'),
(281,92,19,1,'gravida sem praesent id massa'),
(282,40,5,5,'nulla ut erat id mauris vulputate elementum'),
(283,45,18,3,'nulla dapibus dolor vel est donec'),
(284,49,4,5,'rhoncus aliquet pulvinar sed nisl nunc rhoncus dui vel sem'),
(285,30,15,5,'mus vivamus vestibulum sagittis sapien cum sociis natoque'),
(286,85,2,4,'et commodo vulputate justo in blandit ultrices enim lorem'),
(287,23,15,2,'orci pede venenatis non sodales sed tincidunt eu'),
(288,73,12,3,'dolor sit amet consectetuer adipiscing elit proin'),
(289,82,4,5,'volutpat in congue etiam justo etiam pretium iaculis justo in'),
(290,40,20,1,'morbi quis tortor id nulla'),
(291,14,12,4,'penatibus et magnis dis parturient'),
(292,87,6,1,'cras non velit nec nisi vulputate nonummy maecenas tincidunt lacus'),
(293,23,7,1,'ultrices mattis odio donec vitae nisi nam ultrices libero'),
(294,9,5,3,'mi integer ac neque duis bibendum'),
(295,91,20,5,'justo in hac habitasse platea dictumst'),
(296,59,8,1,'dictumst morbi vestibulum velit id pretium iaculis diam erat'),
(297,89,16,4,'venenatis non sodales sed tincidunt eu'),
(298,49,3,5,'non pretium quis lectus suspendisse potenti in'),
(299,80,2,5,'amet nulla quisque arcu libero rutrum ac lobortis'),
(300,68,20,2,'amet turpis elementum ligula vehicula consequat morbi a'),
(301,70,8,5,'elementum pellentesque quisque porta volutpat erat quisque'),
(302,85,19,2,'ipsum ac tellus semper interdum mauris ullamcorper purus'),
(303,8,5,5,'amet consectetuer adipiscing elit proin risus praesent'),
(304,100,16,1,'suscipit nulla elit ac nulla sed vel'),
(305,27,4,0,'adipiscing lorem vitae mattis nibh ligula nec sem duis'),
(306,65,13,4,'imperdiet sapien urna pretium nisl ut'),
(307,90,10,0,'mauris viverra diam vitae quam suspendisse potenti nullam porttitor'),
(308,81,10,0,'sed accumsan felis ut at dolor'),
(309,96,3,4,'iaculis diam erat fermentum justo nec condimentum neque'),
(310,95,7,0,'orci mauris lacinia sapien quis libero nullam sit amet turpis'),
(311,12,16,5,'varius ut blandit non interdum in ante'),
(312,61,2,3,'odio curabitur convallis duis consequat dui'),
(313,28,14,5,'nulla tempus vivamus in felis eu sapien'),
(314,46,2,0,'donec quis orci eget orci vehicula condimentum curabitur'),
(315,49,3,2,'in porttitor pede justo eu'),
(316,19,18,3,'sollicitudin mi sit amet lobortis sapien sapien'),
(317,59,15,5,'potenti in eleifend quam a odio in hac habitasse platea'),
(318,58,15,0,'at velit eu est congue elementum in hac habitasse platea'),
(319,12,6,1,'diam id ornare imperdiet sapien urna pretium nisl ut'),
(320,69,6,4,'varius integer ac leo pellentesque ultrices mattis odio'),
(321,87,2,0,'platea dictumst maecenas ut massa quis augue luctus tincidunt nulla'),
(322,61,12,1,'tincidunt eget tempus vel pede morbi porttitor lorem id'),
(323,80,15,0,'mattis nibh ligula nec sem duis aliquam convallis nunc proin'),
(324,84,14,1,'morbi ut odio cras mi pede malesuada'),
(325,78,6,4,'morbi non quam nec dui luctus'),
(326,93,18,2,'magna vulputate luctus cum sociis natoque penatibus et magnis dis'),
(327,47,17,1,'luctus ultricies eu nibh quisque id justo sit amet'),
(328,45,18,4,'ut odio cras mi pede malesuada in imperdiet et commodo'),
(329,97,4,3,'proin leo odio porttitor id consequat in consequat ut nulla'),
(330,78,10,5,'in hac habitasse platea dictumst'),
(331,16,1,5,'sed vestibulum sit amet cursus id turpis integer'),
(332,60,8,3,'volutpat convallis morbi odio odio'),
(333,68,15,2,'ligula suspendisse ornare consequat lectus in est risus auctor'),
(334,77,4,1,'habitasse platea dictumst morbi vestibulum velit id pretium iaculis'),
(335,95,20,3,'nulla suscipit ligula in lacus curabitur at ipsum'),
(336,71,18,1,'nibh in hac habitasse platea dictumst aliquam augue quam'),
(337,5,15,1,'massa id lobortis convallis tortor risus dapibus augue vel accumsan'),
(338,90,2,1,'enim blandit mi in porttitor'),
(339,69,9,0,'neque libero convallis eget eleifend luctus ultricies'),
(340,99,6,1,'varius integer ac leo pellentesque ultrices mattis'),
(341,12,19,5,'ut nunc vestibulum ante ipsum primis in faucibus orci luctus'),
(342,69,3,0,'non pretium quis lectus suspendisse potenti in'),
(343,97,6,2,'at turpis a pede posuere'),
(344,99,2,0,'suscipit ligula in lacus curabitur at ipsum ac tellus'),
(345,69,13,1,'hac habitasse platea dictumst morbi vestibulum velit id'),
(346,78,2,4,'donec semper sapien a libero'),
(347,15,7,2,'elementum eu interdum eu tincidunt in leo maecenas pulvinar'),
(348,1,16,2,'est et tempus semper est quam pharetra magna ac'),
(349,68,5,3,'tristique fusce congue diam id'),
(350,52,1,3,'diam in magna bibendum imperdiet'),
(351,67,4,2,'vel pede morbi porttitor lorem id ligula'),
(352,100,6,4,'consequat metus sapien ut nunc'),
(353,90,13,2,'convallis nulla neque libero convallis'),
(354,99,2,1,'ac est lacinia nisi venenatis tristique fusce congue diam'),
(355,45,3,3,'at velit vivamus vel nulla eget eros elementum'),
(356,45,14,2,'ultrices posuere cubilia curae mauris'),
(357,6,10,5,'auctor gravida sem praesent id massa id nisl venenatis lacinia'),
(358,20,10,4,'eu est congue elementum in hac habitasse'),
(359,98,3,2,'ut mauris eget massa tempor convallis nulla'),
(360,60,8,4,'odio in hac habitasse platea dictumst'),
(361,75,2,5,'nunc viverra dapibus nulla suscipit ligula'),
(362,15,4,4,'in faucibus orci luctus et ultrices posuere cubilia'),
(363,78,3,5,'proin at turpis a pede posuere nonummy integer non'),
(364,15,13,4,'pellentesque eget nunc donec quis orci eget'),
(365,75,11,3,'aliquam augue quam sollicitudin vitae consectetuer'),
(366,80,1,0,'eu nibh quisque id justo sit amet sapien'),
(367,12,14,4,'mauris vulputate elementum nullam varius'),
(368,3,16,1,'nulla facilisi cras non velit nec nisi vulputate nonummy'),
(369,21,6,4,'mi pede malesuada in imperdiet et commodo vulputate justo'),
(370,15,17,2,'donec dapibus duis at velit eu est congue'),
(371,52,12,4,'tempor convallis nulla neque libero'),
(372,90,19,1,'sem fusce consequat nulla nisl nunc nisl duis bibendum felis'),
(373,64,8,5,'nam nulla integer pede justo lacinia eget tincidunt eget tempus'),
(374,49,9,5,'ante ipsum primis in faucibus'),
(375,57,7,3,'hac habitasse platea dictumst morbi vestibulum velit id pretium'),
(376,8,15,2,'iaculis diam erat fermentum justo nec condimentum'),
(377,74,7,0,'lacus at velit vivamus vel nulla'),
(378,56,2,4,'amet sapien dignissim vestibulum vestibulum ante ipsum primis in'),
(379,1,3,2,'eu felis fusce posuere felis'),
(380,99,7,1,'sociis natoque penatibus et magnis dis parturient montes nascetur'),
(381,83,17,3,'ornare imperdiet sapien urna pretium'),
(382,89,18,4,'sit amet consectetuer adipiscing elit proin risus'),
(383,26,4,1,'quis turpis eget elit sodales scelerisque mauris'),
(384,5,16,2,'faucibus orci luctus et ultrices posuere cubilia curae duis'),
(385,75,17,1,'accumsan felis ut at dolor quis odio'),
(386,72,10,3,'sit amet sem fusce consequat nulla nisl nunc nisl'),
(387,10,14,2,'vestibulum sagittis sapien cum sociis natoque penatibus et'),
(388,3,14,3,'dui proin leo odio porttitor'),
(389,1,6,5,'magna vulputate luctus cum sociis natoque penatibus et magnis'),
(390,25,20,0,'sapien quis libero nullam sit amet'),
(391,31,4,1,'arcu adipiscing molestie hendrerit at vulputate vitae'),
(392,1,14,3,'donec diam neque vestibulum eget'),
(393,92,8,3,'nulla eget eros elementum pellentesque quisque porta volutpat'),
(394,96,8,4,'accumsan tellus nisi eu orci mauris lacinia'),
(395,2,7,4,'venenatis non sodales sed tincidunt eu felis fusce posuere felis'),
(396,88,2,0,'cursus vestibulum proin eu mi nulla ac'),
(397,53,2,5,'vel pede morbi porttitor lorem id ligula suspendisse ornare consequat'),
(398,87,7,1,'a suscipit nulla elit ac nulla sed vel enim sit'),
(399,78,9,0,'in faucibus orci luctus et ultrices'),
(400,40,1,3,'orci luctus et ultrices posuere cubilia curae donec pharetra magna'),
(401,44,12,4,'vel pede morbi porttitor lorem'),
(402,23,9,4,'nulla elit ac nulla sed vel'),
(403,13,11,2,'lacus at velit vivamus vel'),
(404,31,14,5,'orci luctus et ultrices posuere cubilia curae'),
(405,58,15,5,'nam ultrices libero non mattis pulvinar nulla pede ullamcorper'),
(406,63,3,3,'tincidunt nulla mollis molestie lorem quisque ut erat'),
(407,35,4,3,'vel sem sed sagittis nam congue risus semper porta'),
(408,85,11,4,'ultrices vel augue vestibulum ante ipsum primis in faucibus'),
(409,27,19,2,'praesent blandit nam nulla integer pede justo lacinia eget tincidunt'),
(410,64,20,0,'erat nulla tempus vivamus in'),
(411,84,5,5,'maecenas pulvinar lobortis est phasellus'),
(412,70,14,0,'condimentum neque sapien placerat ante'),
(413,50,9,0,'mattis egestas metus aenean fermentum'),
(414,94,14,5,'in faucibus orci luctus et ultrices posuere cubilia curae mauris'),
(415,71,19,5,'vivamus vestibulum sagittis sapien cum sociis natoque penatibus'),
(416,15,17,1,'curae mauris viverra diam vitae quam suspendisse potenti'),
(417,97,16,2,'erat tortor sollicitudin mi sit amet lobortis'),
(418,8,11,2,'vestibulum ante ipsum primis in faucibus'),
(419,73,3,2,'vel dapibus at diam nam tristique tortor'),
(420,100,8,3,'felis sed lacus morbi sem mauris laoreet ut rhoncus aliquet'),
(421,74,5,5,'praesent blandit nam nulla integer'),
(422,77,16,2,'diam erat fermentum justo nec condimentum neque'),
(423,6,12,5,'dignissim vestibulum vestibulum ante ipsum'),
(424,35,13,5,'turpis elementum ligula vehicula consequat morbi a'),
(425,57,19,3,'lorem ipsum dolor sit amet'),
(426,43,8,0,'lorem id ligula suspendisse ornare consequat lectus in est'),
(427,38,12,5,'proin risus praesent lectus vestibulum quam sapien varius ut blandit'),
(428,14,4,5,'sem sed sagittis nam congue risus semper porta volutpat'),
(429,63,11,5,'fringilla rhoncus mauris enim leo rhoncus sed vestibulum'),
(430,56,4,1,'dui vel nisl duis ac nibh fusce lacus purus'),
(431,46,7,4,'augue a suscipit nulla elit'),
(432,2,19,4,'rhoncus aliquet pulvinar sed nisl nunc rhoncus dui'),
(433,97,18,4,'nullam orci pede venenatis non sodales'),
(434,74,14,2,'pellentesque volutpat dui maecenas tristique est et'),
(435,54,19,2,'nec sem duis aliquam convallis nunc'),
(436,90,16,0,'nisl ut volutpat sapien arcu sed augue aliquam erat volutpat'),
(437,26,3,0,'hac habitasse platea dictumst morbi'),
(438,96,10,5,'vestibulum proin eu mi nulla ac enim in tempor'),
(439,85,8,3,'consequat dui nec nisi volutpat eleifend donec ut dolor morbi'),
(440,56,15,2,'ipsum integer a nibh in quis justo maecenas rhoncus aliquam'),
(441,87,7,0,'in hac habitasse platea dictumst'),
(442,85,18,1,'quam turpis adipiscing lorem vitae mattis nibh ligula nec sem'),
(443,38,1,5,'sit amet diam in magna bibendum imperdiet nullam'),
(444,48,5,3,'eget rutrum at lorem integer tincidunt ante vel'),
(445,19,4,5,'nonummy maecenas tincidunt lacus at velit'),
(446,73,6,2,'sem praesent id massa id nisl venenatis lacinia'),
(447,76,13,5,'aliquam convallis nunc proin at turpis a'),
(448,24,15,3,'nulla suscipit ligula in lacus curabitur at ipsum'),
(449,34,18,2,'in libero ut massa volutpat convallis morbi odio'),
(450,38,7,3,'molestie lorem quisque ut erat curabitur gravida nisi'),
(451,72,19,4,'pretium nisl ut volutpat sapien arcu sed'),
(452,100,8,0,'in porttitor pede justo eu massa donec'),
(453,7,8,1,'ipsum primis in faucibus orci'),
(454,71,20,5,'magna ac consequat metus sapien ut nunc vestibulum ante ipsum'),
(455,100,19,2,'semper rutrum nulla nunc purus'),
(456,15,11,5,'volutpat sapien arcu sed augue aliquam erat volutpat in'),
(457,7,16,2,'ut nulla sed accumsan felis ut at dolor quis'),
(458,20,10,5,'mi integer ac neque duis bibendum morbi non'),
(459,17,7,5,'convallis nulla neque libero convallis eget eleifend'),
(460,5,9,0,'nibh quisque id justo sit amet sapien dignissim vestibulum vestibulum'),
(461,41,7,4,'vel est donec odio justo sollicitudin ut suscipit a feugiat'),
(462,82,18,3,'blandit non interdum in ante vestibulum ante'),
(463,61,12,0,'imperdiet et commodo vulputate justo in blandit ultrices'),
(464,12,14,4,'id luctus nec molestie sed justo'),
(465,48,12,4,'in eleifend quam a odio in'),
(466,39,17,2,'non ligula pellentesque ultrices phasellus'),
(467,67,14,2,'feugiat non pretium quis lectus'),
(468,97,2,0,'maecenas pulvinar lobortis est phasellus sit amet erat nulla'),
(469,65,6,3,'amet lobortis sapien sapien non mi integer ac'),
(470,37,6,0,'at turpis donec posuere metus vitae ipsum aliquam non mauris'),
(471,13,11,3,'facilisi cras non velit nec'),
(472,95,13,5,'volutpat in congue etiam justo etiam pretium iaculis justo in'),
(473,61,16,2,'euismod scelerisque quam turpis adipiscing lorem vitae mattis nibh ligula'),
(474,49,11,0,'nunc nisl duis bibendum felis sed interdum'),
(475,47,5,1,'eget tincidunt eget tempus vel pede morbi porttitor lorem'),
(476,86,8,3,'ligula pellentesque ultrices phasellus id sapien in sapien'),
(477,68,11,1,'in purus eu magna vulputate luctus cum sociis natoque'),
(478,5,13,0,'nisi at nibh in hac habitasse platea dictumst aliquam'),
(479,1,19,5,'diam neque vestibulum eget vulputate ut ultrices vel'),
(480,2,17,3,'feugiat non pretium quis lectus'),
(481,98,6,0,'metus aenean fermentum donec ut mauris'),
(482,23,4,0,'interdum venenatis turpis enim blandit mi in porttitor pede justo'),
(483,28,9,3,'rhoncus mauris enim leo rhoncus sed vestibulum sit amet cursus'),
(484,70,20,1,'massa quis augue luctus tincidunt nulla mollis molestie'),
(485,98,1,5,'et ultrices posuere cubilia curae duis faucibus'),
(486,9,10,5,'elit ac nulla sed vel enim sit amet'),
(487,65,18,4,'tincidunt lacus at velit vivamus vel nulla eget'),
(488,72,3,1,'nec dui luctus rutrum nulla tellus in sagittis dui vel'),
(489,99,2,4,'ipsum dolor sit amet consectetuer adipiscing elit proin risus'),
(490,82,17,3,'felis sed lacus morbi sem mauris laoreet ut rhoncus'),
(491,75,9,0,'arcu sed augue aliquam erat volutpat in congue etiam'),
(492,6,14,3,'dui maecenas tristique est et tempus semper est'),
(493,31,3,0,'iaculis diam erat fermentum justo'),
(494,25,3,0,'ut nunc vestibulum ante ipsum primis in'),
(495,90,1,5,'at vulputate vitae nisl aenean lectus pellentesque eget'),
(496,36,16,2,'mattis egestas metus aenean fermentum donec'),
(497,15,16,4,'tempus vel pede morbi porttitor lorem id ligula suspendisse ornare'),
(498,41,16,5,'libero nullam sit amet turpis elementum ligula vehicula consequat morbi'),
(499,11,16,1,'justo sit amet sapien dignissim vestibulum vestibulum'),
(500,78,10,2,'donec posuere metus vitae ipsum aliquam non mauris morbi'),
(501,93,15,1,'scelerisque mauris sit amet eros suspendisse accumsan tortor quis turpis'),
(502,100,13,4,'semper rutrum nulla nunc purus phasellus in'),
(503,54,8,1,'sagittis dui vel nisl duis ac nibh'),
(504,54,17,5,'neque aenean auctor gravida sem praesent id massa id'),
(505,9,12,2,'elit proin risus praesent lectus vestibulum quam'),
(506,48,13,1,'justo eu massa donec dapibus duis'),
(507,95,20,0,'tincidunt nulla mollis molestie lorem quisque'),
(508,63,20,3,'convallis eget eleifend luctus ultricies'),
(509,67,8,4,'interdum mauris ullamcorper purus sit amet nulla quisque'),
(510,48,19,2,'libero nam dui proin leo odio porttitor id consequat'),
(511,64,16,3,'tempus vel pede morbi porttitor lorem id'),
(512,58,20,2,'vestibulum quam sapien varius ut blandit non interdum'),
(513,50,4,4,'aenean sit amet justo morbi ut odio'),
(514,40,17,4,'parturient montes nascetur ridiculus mus etiam vel augue'),
(515,1,9,0,'sapien placerat ante nulla justo'),
(516,98,2,1,'interdum mauris ullamcorper purus sit amet nulla quisque arcu'),
(517,17,14,5,'in faucibus orci luctus et ultrices'),
(518,69,19,3,'non mauris morbi non lectus aliquam sit'),
(519,33,5,4,'rutrum neque aenean auctor gravida sem praesent id massa'),
(520,78,19,3,'quis turpis sed ante vivamus tortor duis mattis'),
(521,29,14,0,'ullamcorper augue a suscipit nulla elit ac nulla'),
(522,95,3,1,'semper rutrum nulla nunc purus phasellus in felis'),
(523,29,14,1,'ac consequat metus sapien ut'),
(524,89,17,4,'nunc vestibulum ante ipsum primis in faucibus orci'),
(525,47,8,2,'condimentum curabitur in libero ut massa volutpat convallis'),
(526,2,15,1,'eleifend luctus ultricies eu nibh quisque id justo'),
(527,28,4,5,'at vulputate vitae nisl aenean'),
(528,78,2,3,'vulputate ut ultrices vel augue vestibulum ante'),
(529,25,3,2,'auctor sed tristique in tempus sit amet sem fusce consequat'),
(530,41,5,2,'et ultrices posuere cubilia curae'),
(531,76,14,1,'platea dictumst morbi vestibulum velit id pretium iaculis'),
(532,90,17,5,'ac lobortis vel dapibus at diam nam tristique tortor'),
(533,38,15,4,'quam turpis adipiscing lorem vitae mattis nibh ligula'),
(534,38,10,1,'nulla sed vel enim sit amet nunc viverra dapibus nulla'),
(535,52,14,3,'ullamcorper purus sit amet nulla quisque arcu'),
(536,7,7,2,'sit amet cursus id turpis integer aliquet massa id'),
(537,47,7,4,'feugiat non pretium quis lectus'),
(538,72,5,2,'nulla dapibus dolor vel est donec odio justo sollicitudin'),
(539,27,9,1,'velit donec diam neque vestibulum eget vulputate'),
(540,23,2,0,'pellentesque quisque porta volutpat erat quisque erat eros'),
(541,59,7,1,'id luctus nec molestie sed justo pellentesque'),
(542,30,6,4,'felis eu sapien cursus vestibulum proin eu mi'),
(543,64,7,0,'sit amet sem fusce consequat nulla nisl'),
(544,63,9,1,'feugiat non pretium quis lectus'),
(545,5,11,5,'duis ac nibh fusce lacus purus aliquet at'),
(546,51,17,5,'sed augue aliquam erat volutpat in congue etiam'),
(547,48,19,5,'ac est lacinia nisi venenatis tristique'),
(548,94,9,2,'posuere nonummy integer non velit donec diam neque vestibulum'),
(549,39,14,1,'semper interdum mauris ullamcorper purus'),
(550,8,5,2,'mauris sit amet eros suspendisse accumsan'),
(551,25,14,4,'dis parturient montes nascetur ridiculus mus'),
(552,53,15,2,'ac enim in tempor turpis nec euismod scelerisque quam'),
(553,25,2,5,'eu magna vulputate luctus cum sociis natoque penatibus et'),
(554,90,4,5,'sapien cum sociis natoque penatibus et magnis dis parturient montes'),
(555,76,9,0,'risus auctor sed tristique in tempus sit amet sem fusce'),
(556,77,3,1,'dapibus duis at velit eu'),
(557,34,16,2,'nunc vestibulum ante ipsum primis in faucibus orci luctus et'),
(558,99,20,0,'libero ut massa volutpat convallis morbi odio odio elementum eu'),
(559,5,2,2,'dis parturient montes nascetur ridiculus mus vivamus vestibulum'),
(560,82,8,3,'semper sapien a libero nam dui'),
(561,32,14,4,'magna vestibulum aliquet ultrices erat tortor'),
(562,88,5,3,'eleifend donec ut dolor morbi vel lectus in quam'),
(563,8,9,2,'phasellus in felis donec semper sapien a'),
(564,14,14,3,'rutrum ac lobortis vel dapibus at diam nam tristique'),
(565,6,10,0,'ante ipsum primis in faucibus orci'),
(566,53,9,0,'donec vitae nisi nam ultrices libero non mattis'),
(567,14,3,4,'augue vestibulum rutrum rutrum neque aenean'),
(568,88,9,0,'pulvinar lobortis est phasellus sit amet erat nulla tempus vivamus'),
(569,61,15,1,'varius ut blandit non interdum in ante'),
(570,74,13,1,'sapien arcu sed augue aliquam erat volutpat in'),
(571,78,11,2,'eget vulputate ut ultrices vel'),
(572,93,10,0,'nisi at nibh in hac'),
(573,35,10,2,'penatibus et magnis dis parturient montes nascetur ridiculus mus vivamus'),
(574,12,19,5,'nec euismod scelerisque quam turpis'),
(575,41,11,1,'dui maecenas tristique est et tempus semper'),
(576,65,13,5,'tincidunt nulla mollis molestie lorem quisque ut erat curabitur gravida'),
(577,89,16,3,'vel augue vestibulum rutrum rutrum neque aenean auctor'),
(578,77,16,3,'pede posuere nonummy integer non velit donec'),
(579,22,19,1,'diam erat fermentum justo nec condimentum'),
(580,85,6,5,'metus sapien ut nunc vestibulum ante ipsum primis in'),
(581,14,8,2,'massa id nisl venenatis lacinia aenean'),
(582,97,16,4,'in hac habitasse platea dictumst etiam faucibus cursus urna ut'),
(583,58,10,0,'diam in magna bibendum imperdiet nullam orci pede venenatis'),
(584,100,2,5,'nisl aenean lectus pellentesque eget nunc donec'),
(585,51,5,0,'nunc purus phasellus in felis donec semper sapien'),
(586,89,8,5,'est risus auctor sed tristique'),
(587,31,4,0,'sem sed sagittis nam congue'),
(588,40,7,2,'maecenas rhoncus aliquam lacus morbi quis tortor id'),
(589,91,2,1,'cras mi pede malesuada in imperdiet et commodo'),
(590,34,6,0,'accumsan felis ut at dolor quis'),
(591,45,12,2,'hac habitasse platea dictumst maecenas ut massa quis augue'),
(592,17,8,0,'volutpat sapien arcu sed augue aliquam erat volutpat in congue'),
(593,92,8,5,'nunc vestibulum ante ipsum primis'),
(594,49,15,4,'semper porta volutpat quam pede lobortis ligula sit amet'),
(595,93,1,1,'in faucibus orci luctus et ultrices posuere cubilia'),
(596,6,17,1,'lectus aliquam sit amet diam in magna bibendum imperdiet nullam'),
(597,19,16,4,'eu massa donec dapibus duis'),
(598,47,11,2,'eget congue eget semper rutrum nulla nunc purus'),
(599,66,19,0,'elit sodales scelerisque mauris sit amet eros suspendisse accumsan'),
(600,100,6,4,'in felis eu sapien cursus vestibulum'),
(601,62,1,0,'tincidunt nulla mollis molestie lorem quisque'),
(602,70,1,0,'turpis donec posuere metus vitae ipsum aliquam non mauris'),
(603,17,17,3,'justo maecenas rhoncus aliquam lacus'),
(604,75,1,5,'tellus in sagittis dui vel nisl duis ac'),
(605,52,8,0,'ac diam cras pellentesque volutpat dui maecenas tristique'),
(606,9,15,5,'vivamus metus arcu adipiscing molestie hendrerit at vulputate'),
(607,17,20,2,'sapien placerat ante nulla justo aliquam quis turpis eget'),
(608,68,19,1,'imperdiet sapien urna pretium nisl'),
(609,51,19,1,'tortor quis turpis sed ante'),
(610,40,17,4,'curae donec pharetra magna vestibulum aliquet'),
(611,4,10,3,'phasellus in felis donec semper sapien'),
(612,70,4,4,'proin at turpis a pede'),
(613,35,4,3,'eget massa tempor convallis nulla'),
(614,99,4,0,'consequat morbi a ipsum integer a nibh in quis justo'),
(615,93,18,5,'purus eu magna vulputate luctus cum sociis natoque'),
(616,37,4,2,'sed vel enim sit amet nunc viverra'),
(617,50,11,5,'nisl duis bibendum felis sed interdum venenatis turpis enim'),
(618,87,12,2,'tincidunt ante vel ipsum praesent blandit lacinia erat'),
(619,23,17,2,'quam a odio in hac habitasse platea'),
(620,94,2,5,'odio condimentum id luctus nec molestie sed'),
(621,85,5,2,'rhoncus aliquam lacus morbi quis tortor'),
(622,71,18,3,'nec sem duis aliquam convallis nunc proin at'),
(623,47,18,2,'vivamus metus arcu adipiscing molestie hendrerit at vulputate vitae'),
(624,71,12,4,'luctus tincidunt nulla mollis molestie lorem quisque ut erat'),
(625,51,4,4,'massa volutpat convallis morbi odio odio'),
(626,39,7,3,'suscipit ligula in lacus curabitur at'),
(627,22,2,4,'elementum in hac habitasse platea dictumst morbi'),
(628,23,8,3,'nisl duis bibendum felis sed interdum venenatis turpis enim blandit'),
(629,68,1,0,'faucibus orci luctus et ultrices posuere'),
(630,50,10,4,'ut blandit non interdum in ante vestibulum ante ipsum'),
(631,74,14,1,'in faucibus orci luctus et ultrices'),
(632,60,16,5,'id pretium iaculis diam erat'),
(633,96,10,3,'quis orci eget orci vehicula condimentum curabitur in libero ut'),
(634,85,16,3,'aliquet ultrices erat tortor sollicitudin'),
(635,92,2,5,'morbi non lectus aliquam sit'),
(636,34,14,5,'curabitur gravida nisi at nibh in'),
(637,96,13,0,'vivamus vel nulla eget eros elementum'),
(638,39,14,2,'sapien ut nunc vestibulum ante ipsum primis in faucibus'),
(639,12,10,2,'nam ultrices libero non mattis pulvinar nulla'),
(640,44,6,4,'sodales sed tincidunt eu felis'),
(641,81,16,2,'lorem integer tincidunt ante vel ipsum praesent'),
(642,25,5,4,'neque duis bibendum morbi non quam'),
(643,23,9,0,'amet diam in magna bibendum'),
(644,36,11,3,'duis faucibus accumsan odio curabitur convallis duis consequat dui nec'),
(645,87,5,4,'elementum pellentesque quisque porta volutpat erat quisque erat'),
(646,25,19,4,'feugiat et eros vestibulum ac est lacinia nisi venenatis'),
(647,13,8,5,'dignissim vestibulum vestibulum ante ipsum primis in faucibus orci'),
(648,21,7,5,'nullam porttitor lacus at turpis donec'),
(649,62,19,0,'sit amet consectetuer adipiscing elit proin interdum mauris non'),
(650,13,18,3,'integer ac leo pellentesque ultrices mattis odio donec vitae'),
(651,2,11,5,'est et tempus semper est'),
(652,77,2,3,'massa quis augue luctus tincidunt nulla mollis molestie lorem quisque'),
(653,82,19,4,'amet sapien dignissim vestibulum vestibulum ante ipsum primis in faucibus'),
(654,73,12,5,'ac nibh fusce lacus purus aliquet at'),
(655,14,18,2,'tristique in tempus sit amet sem fusce consequat nulla nisl'),
(656,29,17,5,'gravida nisi at nibh in hac habitasse'),
(657,16,10,4,'natoque penatibus et magnis dis parturient montes nascetur ridiculus'),
(658,33,14,3,'lacus curabitur at ipsum ac tellus'),
(659,12,16,2,'ipsum aliquam non mauris morbi non lectus aliquam'),
(660,42,9,2,'nisl duis bibendum felis sed interdum venenatis turpis enim blandit'),
(661,4,7,3,'habitasse platea dictumst morbi vestibulum velit id pretium'),
(662,19,8,5,'interdum eu tincidunt in leo maecenas'),
(663,52,14,5,'quisque erat eros viverra eget congue eget semper rutrum nulla'),
(664,18,20,0,'eleifend quam a odio in hac habitasse platea dictumst'),
(665,46,12,0,'fringilla rhoncus mauris enim leo rhoncus sed vestibulum sit amet'),
(666,12,2,0,'placerat ante nulla justo aliquam quis turpis'),
(667,62,9,1,'in est risus auctor sed tristique in tempus sit amet'),
(668,58,19,3,'pellentesque viverra pede ac diam cras pellentesque'),
(669,92,17,5,'curae mauris viverra diam vitae quam suspendisse'),
(670,16,19,1,'sed ante vivamus tortor duis mattis egestas metus aenean'),
(671,26,4,1,'in est risus auctor sed tristique in tempus'),
(672,43,15,3,'ut blandit non interdum in'),
(673,90,2,3,'etiam justo etiam pretium iaculis justo in hac'),
(674,85,4,0,'nibh in hac habitasse platea dictumst'),
(675,23,7,1,'sed augue aliquam erat volutpat in congue etiam justo etiam'),
(676,16,6,4,'interdum venenatis turpis enim blandit mi in porttitor pede'),
(677,71,13,0,'vivamus vestibulum sagittis sapien cum sociis'),
(678,11,17,0,'pede justo lacinia eget tincidunt eget tempus vel pede'),
(679,49,15,2,'sem praesent id massa id nisl venenatis lacinia aenean sit'),
(680,2,11,3,'vivamus vel nulla eget eros elementum'),
(681,75,5,0,'eleifend donec ut dolor morbi vel lectus in quam'),
(682,21,1,5,'pulvinar sed nisl nunc rhoncus dui vel sem sed sagittis'),
(683,94,3,5,'in hac habitasse platea dictumst etiam faucibus cursus'),
(684,31,3,0,'diam neque vestibulum eget vulputate ut ultrices vel augue'),
(685,64,9,0,'vestibulum sagittis sapien cum sociis natoque penatibus et magnis'),
(686,86,12,1,'donec pharetra magna vestibulum aliquet'),
(687,69,11,0,'sociis natoque penatibus et magnis dis parturient montes nascetur'),
(688,72,6,2,'sed vel enim sit amet nunc viverra'),
(689,54,7,3,'ac neque duis bibendum morbi'),
(690,49,14,0,'enim in tempor turpis nec'),
(691,14,2,2,'augue vel accumsan tellus nisi eu orci mauris lacinia'),
(692,9,14,4,'id mauris vulputate elementum nullam varius nulla facilisi cras non'),
(693,88,4,4,'purus aliquet at feugiat non pretium'),
(694,14,10,2,'ac consequat metus sapien ut'),
(695,12,10,4,'in congue etiam justo etiam pretium iaculis justo in'),
(696,42,5,2,'volutpat sapien arcu sed augue'),
(697,67,9,0,'sit amet lobortis sapien sapien non mi integer ac neque'),
(698,70,16,3,'fusce congue diam id ornare'),
(699,70,9,4,'vestibulum quam sapien varius ut blandit non'),
(700,79,18,2,'proin at turpis a pede posuere'),
(701,85,18,1,'maecenas ut massa quis augue luctus tincidunt nulla'),
(702,86,2,1,'aliquam lacus morbi quis tortor id nulla ultrices aliquet maecenas'),
(703,25,2,0,'vestibulum vestibulum ante ipsum primis'),
(704,81,2,4,'non mattis pulvinar nulla pede ullamcorper augue a'),
(705,21,17,5,'in hac habitasse platea dictumst maecenas'),
(706,73,17,0,'montes nascetur ridiculus mus etiam vel augue vestibulum'),
(707,91,11,0,'pede posuere nonummy integer non velit donec diam neque vestibulum'),
(708,67,8,1,'odio odio elementum eu interdum'),
(709,64,3,0,'a ipsum integer a nibh'),
(710,95,5,0,'in imperdiet et commodo vulputate justo in blandit ultrices enim'),
(711,98,17,4,'faucibus cursus urna ut tellus nulla ut erat id'),
(712,49,1,3,'posuere cubilia curae duis faucibus accumsan odio curabitur convallis'),
(713,1,13,0,'tincidunt lacus at velit vivamus vel'),
(714,98,8,4,'ut blandit non interdum in'),
(715,16,20,3,'in hac habitasse platea dictumst'),
(716,73,19,1,'ut ultrices vel augue vestibulum ante ipsum'),
(717,85,20,1,'curae donec pharetra magna vestibulum'),
(718,12,7,2,'fusce consequat nulla nisl nunc nisl duis'),
(719,57,15,0,'dui proin leo odio porttitor id consequat in consequat'),
(720,10,8,1,'pharetra magna ac consequat metus sapien'),
(721,71,10,5,'nisi volutpat eleifend donec ut dolor'),
(722,55,14,3,'in quis justo maecenas rhoncus aliquam lacus'),
(723,7,3,1,'ipsum primis in faucibus orci luctus et ultrices'),
(724,88,5,3,'lorem ipsum dolor sit amet consectetuer adipiscing elit proin'),
(725,12,8,5,'maecenas tristique est et tempus semper est quam pharetra magna'),
(726,55,7,3,'est lacinia nisi venenatis tristique fusce congue diam id'),
(727,46,3,4,'quam nec dui luctus rutrum nulla tellus in'),
(728,94,13,4,'nunc purus phasellus in felis donec semper'),
(729,23,1,5,'sem praesent id massa id nisl venenatis lacinia aenean sit'),
(730,70,4,4,'laoreet ut rhoncus aliquet pulvinar'),
(731,95,2,5,'pede venenatis non sodales sed tincidunt eu felis'),
(732,52,14,2,'mattis odio donec vitae nisi nam'),
(733,88,8,4,'integer ac leo pellentesque ultrices mattis odio'),
(734,96,3,2,'montes nascetur ridiculus mus etiam'),
(735,65,9,1,'ac nulla sed vel enim'),
(736,86,9,0,'sapien arcu sed augue aliquam erat'),
(737,98,4,5,'potenti in eleifend quam a odio'),
(738,42,14,3,'leo pellentesque ultrices mattis odio'),
(739,62,13,0,'non sodales sed tincidunt eu'),
(740,14,11,5,'adipiscing elit proin risus praesent lectus'),
(741,94,13,5,'pede ullamcorper augue a suscipit nulla'),
(742,80,8,0,'gravida sem praesent id massa id nisl'),
(743,37,14,2,'aliquam non mauris morbi non lectus aliquam sit amet'),
(744,31,15,0,'ultrices phasellus id sapien in sapien'),
(745,9,3,2,'consectetuer eget rutrum at lorem integer tincidunt ante vel'),
(746,7,1,5,'lacinia sapien quis libero nullam sit amet turpis elementum'),
(747,72,9,3,'venenatis turpis enim blandit mi in porttitor pede justo eu'),
(748,30,16,0,'vestibulum quam sapien varius ut'),
(749,75,13,1,'nec dui luctus rutrum nulla tellus in sagittis dui'),
(750,75,16,5,'pulvinar sed nisl nunc rhoncus dui vel sem sed'),
(751,26,2,4,'rhoncus aliquam lacus morbi quis'),
(752,92,11,4,'erat vestibulum sed magna at nunc commodo'),
(753,82,2,4,'mauris eget massa tempor convallis'),
(754,8,17,4,'sit amet consectetuer adipiscing elit proin risus'),
(755,1,3,5,'porta volutpat quam pede lobortis ligula sit'),
(756,61,19,4,'pharetra magna vestibulum aliquet ultrices'),
(757,93,3,1,'pede morbi porttitor lorem id'),
(758,86,12,1,'lorem id ligula suspendisse ornare consequat lectus'),
(759,85,3,5,'ligula sit amet eleifend pede libero quis'),
(760,11,20,4,'tempus semper est quam pharetra magna ac consequat metus'),
(761,46,6,4,'dictumst aliquam augue quam sollicitudin vitae consectetuer'),
(762,39,5,5,'tortor quis turpis sed ante vivamus tortor duis mattis egestas'),
(763,18,19,2,'nulla neque libero convallis eget eleifend luctus ultricies eu'),
(764,65,3,1,'sit amet justo morbi ut odio cras mi'),
(765,60,17,4,'semper interdum mauris ullamcorper purus sit amet nulla'),
(766,81,10,3,'id nisl venenatis lacinia aenean sit amet'),
(767,34,16,3,'sapien non mi integer ac neque duis bibendum'),
(768,34,9,4,'mauris viverra diam vitae quam suspendisse potenti nullam'),
(769,40,11,5,'metus arcu adipiscing molestie hendrerit at'),
(770,15,2,2,'vestibulum quam sapien varius ut blandit non interdum in'),
(771,41,13,3,'nascetur ridiculus mus etiam vel augue'),
(772,38,5,4,'quam pede lobortis ligula sit amet eleifend pede libero'),
(773,32,16,0,'quis turpis sed ante vivamus tortor duis mattis egestas'),
(774,56,3,2,'vestibulum ante ipsum primis in faucibus orci'),
(775,1,12,3,'arcu sed augue aliquam erat volutpat in congue etiam'),
(776,83,12,3,'dictumst maecenas ut massa quis augue luctus tincidunt'),
(777,49,17,5,'enim lorem ipsum dolor sit amet consectetuer adipiscing elit proin'),
(778,28,9,2,'posuere cubilia curae mauris viverra diam vitae quam suspendisse'),
(779,1,18,0,'nulla justo aliquam quis turpis eget elit sodales scelerisque mauris'),
(780,10,18,3,'vestibulum ante ipsum primis in faucibus'),
(781,71,3,3,'condimentum curabitur in libero ut massa volutpat'),
(782,72,7,1,'eget eros elementum pellentesque quisque porta volutpat erat quisque'),
(783,16,20,3,'non lectus aliquam sit amet diam in magna'),
(784,5,9,1,'felis ut at dolor quis'),
(785,8,1,0,'dictumst etiam faucibus cursus urna ut tellus nulla'),
(786,63,17,2,'ullamcorper augue a suscipit nulla'),
(787,79,18,2,'vivamus metus arcu adipiscing molestie'),
(788,76,4,0,'fusce congue diam id ornare imperdiet sapien urna pretium nisl'),
(789,28,5,4,'in felis eu sapien cursus vestibulum proin eu'),
(790,22,14,1,'eros elementum pellentesque quisque porta'),
(791,81,3,4,'mauris eget massa tempor convallis nulla'),
(792,37,9,5,'eu est congue elementum in hac habitasse'),
(793,1,13,0,'vehicula consequat morbi a ipsum integer a nibh'),
(794,93,12,2,'tellus nisi eu orci mauris lacinia sapien quis libero'),
(795,68,17,5,'porta volutpat erat quisque erat eros viverra'),
(796,54,6,1,'in felis eu sapien cursus vestibulum proin eu mi nulla'),
(797,72,16,5,'lectus suspendisse potenti in eleifend quam a'),
(798,89,10,1,'dui maecenas tristique est et tempus semper est quam pharetra'),
(799,75,3,5,'amet consectetuer adipiscing elit proin'),
(800,50,7,0,'scelerisque mauris sit amet eros'),
(801,8,17,0,'feugiat et eros vestibulum ac est'),
(802,19,5,2,'montes nascetur ridiculus mus vivamus vestibulum'),
(803,55,1,2,'ultrices libero non mattis pulvinar nulla pede ullamcorper'),
(804,73,4,3,'odio in hac habitasse platea dictumst'),
(805,84,8,0,'erat fermentum justo nec condimentum neque sapien'),
(806,28,3,1,'tortor id nulla ultrices aliquet maecenas'),
(807,12,11,5,'id sapien in sapien iaculis'),
(808,65,10,4,'nunc purus phasellus in felis donec semper sapien a'),
(809,15,1,5,'tincidunt ante vel ipsum praesent blandit lacinia erat vestibulum'),
(810,14,4,1,'elementum pellentesque quisque porta volutpat erat'),
(811,24,4,3,'etiam vel augue vestibulum rutrum rutrum neque aenean auctor'),
(812,90,9,3,'pede malesuada in imperdiet et commodo vulputate justo'),
(813,93,12,4,'in est risus auctor sed tristique in tempus'),
(814,10,4,1,'cras in purus eu magna vulputate luctus cum sociis'),
(815,79,8,0,'hac habitasse platea dictumst aliquam augue quam sollicitudin vitae consectetuer'),
(816,7,4,5,'ante ipsum primis in faucibus orci luctus et ultrices'),
(817,23,14,1,'non lectus aliquam sit amet diam in magna bibendum imperdiet'),
(818,67,1,5,'pretium quis lectus suspendisse potenti in eleifend quam a'),
(819,66,20,5,'blandit ultrices enim lorem ipsum dolor sit amet consectetuer adipiscing'),
(820,18,4,4,'vestibulum sagittis sapien cum sociis natoque penatibus et'),
(821,22,19,1,'lobortis vel dapibus at diam nam'),
(822,70,10,4,'faucibus orci luctus et ultrices posuere cubilia'),
(823,41,8,4,'orci luctus et ultrices posuere cubilia curae'),
(824,34,16,4,'purus sit amet nulla quisque arcu libero rutrum'),
(825,92,18,4,'gravida sem praesent id massa id'),
(826,78,1,0,'interdum venenatis turpis enim blandit mi in porttitor pede'),
(827,93,10,2,'id nisl venenatis lacinia aenean sit amet justo morbi'),
(828,17,16,2,'consequat nulla nisl nunc nisl duis bibendum'),
(829,18,3,3,'donec pharetra magna vestibulum aliquet ultrices erat tortor sollicitudin mi'),
(830,58,1,2,'maecenas ut massa quis augue luctus tincidunt nulla'),
(831,47,20,1,'sodales scelerisque mauris sit amet'),
(832,91,9,1,'nullam orci pede venenatis non sodales sed'),
(833,88,13,5,'in est risus auctor sed tristique in tempus sit'),
(834,84,17,5,'vulputate luctus cum sociis natoque'),
(835,53,19,2,'volutpat quam pede lobortis ligula sit amet eleifend pede'),
(836,98,1,5,'cum sociis natoque penatibus et magnis'),
(837,99,16,3,'sed accumsan felis ut at'),
(838,92,20,1,'in est risus auctor sed'),
(839,78,6,3,'quam pede lobortis ligula sit amet eleifend'),
(840,5,6,4,'non lectus aliquam sit amet diam in magna bibendum'),
(841,6,9,2,'suspendisse ornare consequat lectus in est risus auctor sed'),
(842,80,15,0,'augue vel accumsan tellus nisi eu orci'),
(843,93,9,1,'morbi porttitor lorem id ligula'),
(844,13,12,1,'venenatis lacinia aenean sit amet justo morbi ut'),
(845,97,7,5,'est congue elementum in hac habitasse'),
(846,26,10,2,'pede justo lacinia eget tincidunt eget tempus vel'),
(847,32,14,2,'congue etiam justo etiam pretium iaculis justo in hac'),
(848,52,13,5,'interdum eu tincidunt in leo'),
(849,1,6,0,'id sapien in sapien iaculis congue vivamus metus arcu adipiscing'),
(850,33,7,5,'eros viverra eget congue eget'),
(851,48,16,1,'quam nec dui luctus rutrum nulla tellus in'),
(852,48,12,5,'ut nulla sed accumsan felis ut'),
(853,57,2,5,'nascetur ridiculus mus vivamus vestibulum sagittis sapien cum'),
(854,39,11,3,'id ligula suspendisse ornare consequat'),
(855,6,4,5,'pretium nisl ut volutpat sapien arcu sed augue'),
(856,68,15,2,'nisi volutpat eleifend donec ut dolor'),
(857,23,8,5,'donec odio justo sollicitudin ut suscipit a feugiat et'),
(858,65,20,3,'aliquet massa id lobortis convallis tortor risus dapibus augue'),
(859,16,15,2,'penatibus et magnis dis parturient montes nascetur ridiculus mus etiam'),
(860,43,9,1,'orci pede venenatis non sodales'),
(861,61,10,4,'eu massa donec dapibus duis at velit'),
(862,19,11,2,'nulla tellus in sagittis dui'),
(863,96,18,2,'nunc nisl duis bibendum felis sed interdum venenatis turpis enim'),
(864,69,2,4,'non interdum in ante vestibulum ante ipsum primis in'),
(865,24,14,5,'pellentesque at nulla suspendisse potenti cras in'),
(866,8,3,2,'vestibulum sit amet cursus id turpis integer aliquet'),
(867,51,18,2,'mi nulla ac enim in tempor turpis nec euismod'),
(868,3,14,0,'mauris morbi non lectus aliquam sit amet'),
(869,16,6,5,'maecenas leo odio condimentum id luctus nec molestie sed justo'),
(870,42,5,2,'lacus purus aliquet at feugiat non pretium quis lectus suspendisse'),
(871,99,18,1,'erat id mauris vulputate elementum nullam varius nulla facilisi cras'),
(872,89,5,5,'amet justo morbi ut odio cras mi pede malesuada'),
(873,61,4,5,'dapibus duis at velit eu est congue elementum in hac'),
(874,81,18,2,'id turpis integer aliquet massa'),
(875,76,7,4,'at dolor quis odio consequat varius integer ac'),
(876,61,6,5,'duis faucibus accumsan odio curabitur convallis duis'),
(877,78,11,4,'in faucibus orci luctus et'),
(878,25,18,0,'duis faucibus accumsan odio curabitur convallis duis consequat'),
(879,34,16,3,'pellentesque at nulla suspendisse potenti cras in'),
(880,86,1,0,'nulla sed vel enim sit amet nunc viverra dapibus nulla'),
(881,40,9,2,'nulla facilisi cras non velit nec nisi'),
(882,18,7,4,'massa id nisl venenatis lacinia aenean sit amet'),
(883,81,17,1,'elit proin risus praesent lectus vestibulum quam sapien varius ut'),
(884,57,13,4,'ac lobortis vel dapibus at diam'),
(885,26,6,5,'sed vestibulum sit amet cursus id turpis'),
(886,88,14,4,'nibh in lectus pellentesque at'),
(887,2,12,3,'tincidunt nulla mollis molestie lorem quisque ut erat'),
(888,74,8,0,'purus eu magna vulputate luctus cum sociis'),
(889,57,14,2,'a odio in hac habitasse'),
(890,17,18,2,'condimentum id luctus nec molestie sed justo pellentesque viverra pede'),
(891,88,5,1,'convallis nulla neque libero convallis'),
(892,14,8,1,'quam pharetra magna ac consequat metus sapien ut nunc'),
(893,59,9,4,'suspendisse potenti cras in purus eu magna vulputate luctus'),
(894,42,9,3,'at velit eu est congue elementum in hac'),
(895,60,2,1,'quis augue luctus tincidunt nulla mollis'),
(896,14,18,1,'iaculis justo in hac habitasse platea dictumst etiam faucibus cursus'),
(897,26,14,5,'proin at turpis a pede posuere'),
(898,55,9,0,'quis orci eget orci vehicula condimentum curabitur'),
(899,81,15,5,'ut nunc vestibulum ante ipsum'),
(900,75,9,2,'sapien dignissim vestibulum vestibulum ante ipsum primis in faucibus orci'),
(901,31,14,0,'curabitur at ipsum ac tellus semper interdum mauris'),
(902,65,4,1,'porta volutpat quam pede lobortis ligula sit amet'),
(903,94,5,0,'lobortis est phasellus sit amet erat nulla tempus vivamus'),
(904,5,9,4,'mauris enim leo rhoncus sed'),
(905,32,11,0,'morbi odio odio elementum eu interdum eu tincidunt in'),
(906,52,16,2,'posuere cubilia curae duis faucibus accumsan odio curabitur convallis duis'),
(907,84,11,0,'magna at nunc commodo placerat praesent blandit nam'),
(908,77,11,5,'venenatis non sodales sed tincidunt eu'),
(909,83,18,0,'tortor sollicitudin mi sit amet lobortis sapien sapien non mi'),
(910,34,10,2,'amet erat nulla tempus vivamus in felis eu'),
(911,100,4,0,'nam tristique tortor eu pede'),
(912,54,3,1,'consectetuer eget rutrum at lorem'),
(913,53,6,1,'enim lorem ipsum dolor sit amet consectetuer'),
(914,21,11,3,'purus eu magna vulputate luctus cum'),
(915,91,17,2,'eget congue eget semper rutrum'),
(916,70,6,0,'at ipsum ac tellus semper interdum mauris ullamcorper purus'),
(917,23,4,0,'quis lectus suspendisse potenti in'),
(918,28,11,4,'cras pellentesque volutpat dui maecenas tristique est et tempus semper'),
(919,72,15,5,'dui vel nisl duis ac nibh fusce'),
(920,57,18,1,'ante nulla justo aliquam quis'),
(921,53,2,4,'massa tempor convallis nulla neque libero'),
(922,17,2,1,'quis orci nullam molestie nibh in'),
(923,35,6,1,'lacinia erat vestibulum sed magna at nunc commodo placerat'),
(924,87,17,4,'sed justo pellentesque viverra pede'),
(925,54,10,1,'nulla sed vel enim sit'),
(926,42,11,0,'congue diam id ornare imperdiet sapien'),
(927,43,3,3,'orci nullam molestie nibh in lectus pellentesque at'),
(928,13,1,1,'sagittis dui vel nisl duis ac nibh fusce lacus purus'),
(929,13,10,2,'bibendum imperdiet nullam orci pede'),
(930,80,13,5,'mauris morbi non lectus aliquam'),
(931,69,12,3,'augue a suscipit nulla elit ac nulla sed'),
(932,22,3,4,'curabitur in libero ut massa volutpat convallis'),
(933,38,11,2,'urna pretium nisl ut volutpat sapien'),
(934,80,5,0,'orci luctus et ultrices posuere cubilia curae mauris'),
(935,55,13,4,'cubilia curae nulla dapibus dolor vel est'),
(936,58,4,2,'sed sagittis nam congue risus semper porta volutpat quam'),
(937,51,10,5,'vestibulum ante ipsum primis in'),
(938,63,9,4,'orci luctus et ultrices posuere cubilia'),
(939,40,8,5,'vel nisl duis ac nibh fusce lacus purus aliquet'),
(940,28,3,4,'rutrum neque aenean auctor gravida'),
(941,24,9,5,'duis aliquam convallis nunc proin at turpis a pede posuere'),
(942,15,7,0,'primis in faucibus orci luctus et ultrices posuere cubilia'),
(943,85,13,0,'tincidunt in leo maecenas pulvinar lobortis'),
(944,89,14,1,'lacus morbi sem mauris laoreet ut rhoncus aliquet pulvinar sed'),
(945,20,14,3,'libero quis orci nullam molestie nibh in'),
(946,74,15,0,'neque libero convallis eget eleifend'),
(947,66,16,3,'quis justo maecenas rhoncus aliquam lacus'),
(948,79,7,0,'augue luctus tincidunt nulla mollis molestie lorem quisque ut erat'),
(949,63,2,2,'in est risus auctor sed tristique in tempus sit'),
(950,57,18,5,'volutpat dui maecenas tristique est et tempus semper est quam'),
(951,21,15,0,'interdum venenatis turpis enim blandit mi in porttitor'),
(952,26,19,1,'nulla tellus in sagittis dui vel nisl'),
(953,80,15,0,'porttitor lorem id ligula suspendisse ornare consequat lectus'),
(954,22,6,3,'eget massa tempor convallis nulla neque libero convallis eget'),
(955,1,3,2,'sollicitudin mi sit amet lobortis sapien'),
(956,2,4,3,'odio justo sollicitudin ut suscipit a'),
(957,40,8,3,'gravida nisi at nibh in'),
(958,42,14,3,'quam fringilla rhoncus mauris enim leo rhoncus sed vestibulum'),
(959,46,3,2,'non ligula pellentesque ultrices phasellus id sapien in sapien'),
(960,18,11,5,'vehicula consequat morbi a ipsum integer'),
(961,20,18,5,'adipiscing molestie hendrerit at vulputate vitae nisl'),
(962,61,17,2,'id pretium iaculis diam erat'),
(963,89,11,0,'non velit donec diam neque vestibulum'),
(964,64,2,5,'eu nibh quisque id justo sit amet sapien'),
(965,42,14,4,'quis tortor id nulla ultrices aliquet maecenas leo odio'),
(966,3,1,4,'dignissim vestibulum vestibulum ante ipsum primis in faucibus orci luctus'),
(967,79,15,5,'justo nec condimentum neque sapien placerat ante'),
(968,89,2,4,'nibh ligula nec sem duis aliquam convallis nunc'),
(969,20,20,1,'dui vel sem sed sagittis nam congue'),
(970,16,9,1,'nulla nunc purus phasellus in felis donec semper'),
(971,91,2,5,'erat nulla tempus vivamus in'),
(972,61,13,3,'vestibulum sagittis sapien cum sociis natoque penatibus et magnis dis'),
(973,86,5,0,'a pede posuere nonummy integer non'),
(974,63,19,0,'et commodo vulputate justo in blandit ultrices enim lorem'),
(975,77,1,3,'eget eros elementum pellentesque quisque'),
(976,70,15,4,'in hac habitasse platea dictumst'),
(977,36,13,2,'at dolor quis odio consequat'),
(978,30,8,3,'scelerisque mauris sit amet eros'),
(979,23,11,5,'libero non mattis pulvinar nulla pede ullamcorper augue'),
(980,47,18,5,'turpis enim blandit mi in porttitor pede justo eu massa'),
(981,63,16,5,'varius integer ac leo pellentesque ultrices mattis odio'),
(982,85,3,3,'vitae nisl aenean lectus pellentesque eget nunc donec quis orci'),
(983,71,19,2,'dolor sit amet consectetuer adipiscing elit'),
(984,58,9,2,'sapien iaculis congue vivamus metus'),
(985,36,15,2,'sit amet nulla quisque arcu libero rutrum'),
(986,5,19,4,'convallis morbi odio odio elementum eu interdum eu tincidunt'),
(987,76,8,2,'pede ac diam cras pellentesque volutpat dui'),
(988,30,12,5,'morbi odio odio elementum eu interdum eu tincidunt'),
(989,35,11,3,'id ornare imperdiet sapien urna pretium nisl ut'),
(990,13,9,3,'enim in tempor turpis nec euismod'),
(991,3,1,0,'dolor sit amet consectetuer adipiscing elit'),
(992,21,20,5,'ultrices enim lorem ipsum dolor'),
(993,14,6,0,'pellentesque quisque porta volutpat erat quisque'),
(994,35,6,0,'eleifend luctus ultricies eu nibh quisque id justo sit'),
(995,39,6,3,'nulla neque libero convallis eget eleifend'),
(996,26,17,2,'condimentum curabitur in libero ut massa volutpat'),
(997,97,18,0,'augue aliquam erat volutpat in congue etiam justo etiam pretium'),
(998,69,12,3,'penatibus et magnis dis parturient montes nascetur ridiculus mus'),
(999,11,20,4,'augue a suscipit nulla elit ac nulla sed'),
(1000,27,16,5,'est congue elementum in hac habitasse platea dictumst morbi');

/*Table structure for table `students` */

DROP TABLE IF EXISTS `students`;

CREATE TABLE `students` (
  `id` int(11) NOT NULL,
  `name` varchar(50) DEFAULT NULL,
  `dob` date DEFAULT NULL,
  `email` varchar(50) DEFAULT NULL,
  `address` varchar(50) DEFAULT NULL,
  `city` varchar(50) DEFAULT NULL,
  PRIMARY KEY (`id`)
) ENGINE=InnoDB DEFAULT CHARSET=utf8mb4;

/*Data for the table `students` */

insert  into `students`(`id`,`name`,`dob`,`email`,`address`,`city`) values 
(1,'Dara Bartali','2002-07-09','dbartali0@rambler.ru','7 Beilfuss Junction','Tortkol Shahri'),
(2,'Hermann Crowcroft','2003-04-29','hcrowcroft1@ucsd.edu','55 Corben Alley','Severomorsk'),
(3,'Gretal Maciocia','2000-05-06','gmaciocia2@omniture.com','3288 Iowa Crossing','Cibaregbeg'),
(4,'Wesley Sprigging','2001-11-14','wsprigging3@wikipedia.org','45 Lighthouse Bay Hill','Huatanshan'),
(5,'Jan Asipenko','2001-07-20','jasipenko4@phpbb.com','0877 La Follette Court','Yangxipu'),
(6,'Xerxes Diggons','2001-02-11','xdiggons5@cdbaby.com','501 Cardinal Circle','Kefar Tavor'),
(7,'Norby Luttgert','1999-12-26','nluttgert6@apple.com','9 Elmside Drive','Zilang'),
(8,'Rebeca Hicks','2002-10-13','rhicks7@tmall.com','2 Northfield Street','Ambo Village'),
(9,'Ambrosius Chadney','2003-02-14','achadney8@samsung.com','7 Oak Valley Pass','Kubanskiy'),
(10,'Vanessa Cuvley','2000-10-02','vcuvley9@wisc.edu','242 Starling Circle','Pousada'),
(11,'Wileen Jouen','2003-08-09','wjouena@independent.co.uk','062 Kropf Avenue','Lodwar'),
(12,'Philly Dollin','2003-09-09','pdollinb@tumblr.com','44 Sachtjen Pass','Vykhino-Zhulebino'),
(13,'Karlyn Samuels','2001-12-01','ksamuelsc@nih.gov','4 Graedel Hill','Benito Juarez'),
(14,'Gloria Murden','2001-03-27','gmurdend@ucla.edu','6134 Grayhawk Place','Thomazeau'),
(15,'Francisca Renackowna','2003-09-26','frenackownae@bing.com','882 Darwin Plaza','Tapes'),
(16,'Lonnie Demschke','2000-08-11','ldemschkef@usatoday.com','39304 Warrior Drive','Estombar'),
(17,'Flo Summerson','2002-02-16','fsummersong@archive.org','7 Coolidge Terrace','La Libertad'),
(18,'Chery Vellden','2000-06-09','cvelldenh@wired.com','96 Oxford Junction','Shidong'),
(19,'Annemarie Crickmoor','2001-10-10','acrickmoori@vkontakte.ru','49416 Nova Drive','Changning'),
(20,'Murdoch Freegard','2003-08-28','mfreegardj@blogspot.com','21 Algoma Street','Courtaboeuf'),
(21,'Dru Capin','2001-11-14','dcapink@techcrunch.com','978 Carberry Pass','Priargunsk'),
(22,'Elston Mussettini','2000-08-06','emussettinil@jugem.jp','227 Drewry Circle','Sungai Raya'),
(23,'Gilberta Brixham','2001-02-09','gbrixhamm@w3.org','15118 Merrick Street','Letpandan'),
(24,'Merwin Beynkn','2000-08-27','mbeynknn@fotki.com','4147 Bayside Road','Carrires-sur-Seine'),
(25,'Edyth Raselles','2003-03-26','eraselleso@oaic.gov.au','93 Gina Point','Watuweri'),
(26,'Crystal Filippucci','2002-09-15','cfilippuccip@answers.com','45 Moland Road','Linggamanik'),
(27,'Anne-corinne Conkling','2001-08-16','aconklingq@stanford.edu','0320 Eastlawn Road','Santa Rosa'),
(28,'Ally Matula','2000-04-03','amatular@gravatar.com','5844 Hooker Street','Shibetsu'),
(29,'Bent Iacopo','2000-12-26','biacopos@jigsy.com','3163 Merrick Crossing','Itapira'),
(30,'Dwain Alvarado','2000-11-28','dalvaradot@typepad.com','86 1st Park','Newala Kisimani'),
(31,'Nissy Sear','1999-12-28','nsearu@delicious.com','3227 Pankratz Trail','Lahad Datu'),
(32,'Matty Bosward','2000-05-08','mboswardv@un.org','80821 Prairieview Parkway','Fresnes'),
(33,'Garey Adamek','2001-05-27','gadamekw@sphinn.com','1924 Eggendart Trail','Sidrolndia'),
(34,'Garv Worms','2000-06-19','gwormsx@noaa.gov','61 Jenifer Circle','Ashcroft'),
(35,'Catarina Brazenor','2001-10-14','cbrazenory@bluehost.com','89 Eagan Crossing','Pogonsili'),
(36,'Howey Kelly','2002-01-13','hkellyz@shop-pro.jp','4 Nova Way','Sietesz'),
(37,'Alvina Fassam','2003-05-11','afassam10@intel.com','1617 Lunder Avenue','Edgeworthstown'),
(38,'Preston Worsam','1999-12-08','pworsam11@networkadvertising.org','696 Merry Street','Kertanegla'),
(39,'Keane Heckle','1999-12-04','kheckle12@narod.ru','257 Hoard Place','Vale'),
(40,'Chandra Temporal','2000-10-10','ctemporal13@gnu.org','3 School Hill','Jindaoxia'),
(41,'Sharleen Readhead','2003-09-26','sreadhead14@buzzfeed.com','50627 Daystar Crossing','Pavlovskaya'),
(42,'Joseph Starmer','2002-11-08','jstarmer15@ask.com','870 Lunder Way','Rybczewice'),
(43,'Odie Fisbburne','2003-08-31','ofisbburne16@illinois.edu','3 Moulton Center','Sapele'),
(44,'Horst Robison','2002-01-13','hrobison17@google.com','792 Hallows Lane','Krasnaya Polyana'),
(45,'Angeli Levins','2000-01-18','alevins18@nydailynews.com','240 Waubesa Road','San Jacinto'),
(46,'Shaughn Ewell','2002-07-10','sewell19@pbs.org','5 Monterey Way','Chagang'),
(47,'Jeannette Bill','2000-06-27','jbill1a@arstechnica.com','2409 6th Park','Buan'),
(48,'Silas Perryn','2003-11-26','sperryn1b@tuttocitta.it','5 Waubesa Road','Zhangzhishan'),
(49,'Lowell Vinker','2003-01-07','lvinker1c@reuters.com','089 Utah Crossing','Qalyb'),
(50,'Jody Shawyers','2003-05-02','jshawyers1d@google.co.uk','2 Stuart Point','Jining'),
(51,'Wallache Sate','2002-09-03','wsate1e@booking.com','01342 Northridge Lane','Vysoany'),
(52,'Nealon Vasyanin','2003-01-04','nvasyanin1f@xrea.com','19 Tennessee Road','Nantes'),
(53,'Olive Janc','2000-11-02','ojanc1g@constantcontact.com','7429 Hauk Pass','Cluny'),
(54,'Cello Christer','2002-04-22','cchrister1h@wordpress.com','2 Veith Crossing','Yanghu'),
(55,'Pete Prandi','2003-09-01','pprandi1i@seattletimes.com','5263 Myrtle Place','Cape Coast'),
(56,'Danny McMeekan','2002-11-20','dmcmeekan1j@virginia.edu','41 Jenifer Place','Tengrela'),
(57,'Briano Buer','2000-01-03','bbuer1k@devhub.com','36 Delladonna Hill','Kulykiv'),
(58,'Coraline Bisset','2001-02-18','cbisset1l@aol.com','014 Petterle Lane','Cigeulis'),
(59,'Si Sutherley','2001-07-27','ssutherley1m@twitpic.com','2707 Village Green Pass','Maardu'),
(60,'Rosalyn Dubery','1999-12-25','rdubery1n@ox.ac.uk','51 Marquette Crossing','Montbrison'),
(61,'Madelene Ickovitz','2001-11-06','mickovitz1o@phoca.cz','43 Fair Oaks Parkway','Banjar Sembunggede'),
(62,'Yancey Oldroyde','2003-08-08','yoldroyde1p@51.la','5736 Arkansas Avenue','Poshekhonye'),
(63,'Franni Shakshaft','2003-01-07','fshakshaft1q@nsw.gov.au','01 Colorado Court','Katav-Ivanovsk'),
(64,'Marty Ravens','2001-11-23','mravens1r@pcworld.com','8304 Arrowood Plaza','Corbeil-Essonnes'),
(65,'Dorian Lerwill','2001-08-09','dlerwill1s@altervista.org','43813 Schlimgen Avenue','Hanuovice'),
(66,'Bryon Zuenelli','2002-03-05','bzuenelli1t@csmonitor.com','0 Dixon Parkway','Igurusi'),
(67,'Elnore Blaxeland','2003-03-05','eblaxeland1u@berkeley.edu','1 Upham Plaza','Boston'),
(68,'Margaretha Haselup','2001-11-30','mhaselup1v@usa.gov','7136 Cascade Terrace','Comrat'),
(69,'Onfre Briddock','2002-12-17','obriddock1w@a8.net','339 Gulseth Point','Koshigaya'),
(70,'Giustino Vaen','2003-01-28','gvaen1x@w3.org','394 Graceland Circle','Slyudyanka'),
(71,'Sybille Hartridge','2003-03-14','shartridge1y@topsy.com','0 Hansons Way','Taloy'),
(72,'Humbert Boness','2001-02-04','hboness1z@angelfire.com','59 Southridge Hill','Monte Aprazvel'),
(73,'Emmaline Lapwood','2003-06-24','elapwood20@blog.com','13903 Kinsman Court','Vrzea'),
(74,'Abran Strangeway','2000-04-22','astrangeway21@cargocollective.com','63588 Nancy Trail','Khng'),
(75,'Cornelle Pauluzzi','2001-02-18','cpauluzzi22@google.com.au','4 Onsgard Pass','Sucre'),
(76,'Alfred McQuarter','2002-08-11','amcquarter23@wunderground.com','50 Armistice Parkway','Bulusari'),
(77,'Rupert Keenlayside','2003-08-12','rkeenlayside24@addthis.com','73070 Prairieview Road','Neiafu'),
(78,'Alena McCalum','2003-04-20','amccalum25@shareasale.com','01 Shopko Junction','Old Harbour Bay'),
(79,'Alisha Fillan','2003-05-21','afillan26@linkedin.com','84067 Del Sol Crossing','Nanyulinxi'),
(80,'Kaitlin Gorwood','2002-04-06','kgorwood27@opensource.org','094 Darwin Point','Olenyok'),
(81,'Bernadette Whitticks','2000-05-18','bwhitticks28@sakura.ne.jp','557 Ridge Oak Avenue','Madang'),
(82,'Gayle Dacre','2001-07-09','gdacre29@delicious.com','50 Tennyson Road','Tuburan'),
(83,'Anica Ashley','2002-09-20','aashley2a@vimeo.com','947 Loftsgordon Parkway','Pelpion'),
(84,'Fionnula Keeley','2001-07-02','fkeeley2b@arizona.edu','75307 Portage Trail','Laweueng'),
(85,'Johnna Kirtley','2002-09-29','jkirtley2c@state.tx.us','8636 Talisman Street','Corujeira'),
(86,'Dael Imm','2000-11-10','dimm2d@flavors.me','2345 Fieldstone Center','Chigasaki'),
(87,'Kellen Kilvington','2002-09-03','kkilvington2e@mediafire.com','8153 Tomscot Trail','Pcs'),
(88,'Rubie Gorvin','2001-08-13','rgorvin2f@elpais.com','1672 Dexter Parkway','Seshcha'),
(89,'Pietro Mc Caughen','2001-05-31','pmc2g@nydailynews.com','746 Miller Lane','Sambirejo'),
(90,'Garreth Mc Mechan','2002-05-08','gmc2h@e-recht24.de','245 Mesta Pass','Benjamn Aceval'),
(91,'Maridel Blackborne','2000-08-13','mblackborne2i@wikimedia.org','9376 Beilfuss Pass','Cipaku'),
(92,'Leanora Cranstoun','2003-09-09','lcranstoun2j@berkeley.edu','424 Hovde Plaza','Wuyo'),
(93,'Clare Frances','2001-02-26','cfrances2k@yahoo.com','2466 Scofield Way','Xiaogang'),
(94,'Giana Heijnen','2003-03-18','gheijnen2l@cnn.com','1821 Lien Terrace','Nanao'),
(95,'Di Jorck','2003-10-26','djorck2m@sitemeter.com','78574 Melrose Trail','San Jos de Feliciano'),
(96,'Danika Clemits','2002-05-23','dclemits2n@shop-pro.jp','786 Steensland Lane','Cotmon'),
(97,'Beverie Marie','2000-01-05','bmarie2o@hexun.com','872 Monica Avenue','Magway'),
(98,'Brewster Bilsland','2003-11-20','bbilsland2p@photobucket.com','224 Namekagon Way','Ayn an Nasr'),
(99,'Fredric Feast','2002-03-11','ffeast2q@vk.com','8072 Novick Circle','Stalowa Wola'),
(100,'Eleonore Berkelay','2002-08-18','eberkelay2r@marketwatch.com','5017 Emmet Circle','Yoshkar-Ola'),
(101,'Theda Ruegg','2003-04-05','truegg2s@hostgator.com','1952 Hansons Drive','Bayonne'),
(102,'Fanny Doleman','2002-12-19','fdoleman2t@opensource.org','6 Bowman Plaza','Oepula'),
(103,'Beatriz Santore','2001-12-24','bsantore2u@bbc.co.uk','00 Vermont Court','Lennsky'),
(104,'Joyce Hiscoke','2002-12-07','jhiscoke2v@scribd.com','6 Menomonie Terrace','Ouadda'),
(105,'Alfred Hopfner','2003-10-24','ahopfner2w@artisteer.com','8246 Hallows Crossing','Peranap'),
(106,'Maurizia Bradlaugh','2003-01-03','mbradlaugh2x@nsw.gov.au','1 West Circle','Eqblyeh'),
(107,'Smitty Rudinger','2000-11-14','srudinger2y@wikimedia.org','44555 Hoffman Parkway','Houzhai'),
(108,'Preston Reddy','2000-10-15','preddy2z@naver.com','45240 Westridge Circle','Rafael Perazza'),
(109,'Fanchon Brock','2002-05-18','fbrock30@yahoo.co.jp','654 Eggendart Plaza','Mella'),
(110,'Levi Riddick','2000-04-16','lriddick31@addtoany.com','7453 Pankratz Park','Cochabamba'),
(111,'Dulsea Dunsire','2001-11-20','ddunsire32@chronoengine.com','29 Butternut Alley','Satu Nou'),
(112,'Terrel Wike','2002-03-02','twike33@google.it','71 Luster Junction','Wujian'),
(113,'Hana McCritichie','2002-07-27','hmccritichie34@fastcompany.com','70316 Welch Pass','Pimda'),
(114,'Leta Stienham','2000-01-16','lstienham35@ft.com','387 Acker Park','Ventersdorp'),
(115,'Marcello Wasylkiewicz','2000-03-02','mwasylkiewicz36@nifty.com','7 Manley Drive','Matsena'),
(116,'Annice Burnhams','2003-11-26','aburnhams37@vimeo.com','1320 Shelley Circle','Sidaurip'),
(117,'Spenser Baltrushaitis','2001-05-21','sbaltrushaitis38@ucoz.com','35199 Sloan Plaza','Nyaunglebin'),
(118,'Laureen Kose','2002-05-23','lkose39@bigcartel.com','08422 Dixon Street','El Doncello'),
(119,'Penny Pappi','1999-12-12','ppappi3a@1und1.de','7 Merrick Plaza','Kivertsi'),
(120,'Neal Stearley','2001-06-14','nstearley3b@google.de','2872 Blue Bill Park Parkway','Kuncen'),
(121,'Maurits Rigts','2001-04-05','mrigts3c@sciencedaily.com','4792 Arizona Way','Drnje'),
(122,'Tallie Berryman','2003-07-06','tberryman3d@cdc.gov','27 Stone Corner Parkway','Weichanglu'),
(123,'Con Challens','2000-06-01','cchallens3e@ovh.net','432 Crowley Parkway','Pshv'),
(124,'Lazaro Pandey','2003-11-16','lpandey3f@ucoz.com','90 Ruskin Pass','Anopog'),
(125,'Tally Spary','2000-08-14','tspary3g@plala.or.jp','6905 Elgar Street','Pereiros'),
(126,'Leroy Sacchetti','2002-01-11','lsacchetti3h@yahoo.com','24261 Del Mar Point','Figueira Castelo Rodrigo'),
(127,'Foss Heller','2003-01-25','fheller3i@google.co.jp','14 Morning Court','Dniprodzerzhynsk'),
(128,'Jean Furber','2000-01-29','jfurber3j@ucla.edu','46473 Thackeray Court','Th Trn Sn H'),
(129,'Vera Cisland','2000-08-05','vcisland3k@opensource.org','64 Blue Bill Park Trail','Ibr'),
(130,'Vivie Cowles','2002-01-17','vcowles3l@flickr.com','81560 Moland Trail','Oktyabrsk'),
(131,'Shermy Camin','2001-04-23','scamin3m@example.com','4300 Graedel Junction','Wrzenia'),
(132,'Cherry Sivier','2000-09-08','csivier3n@alexa.com','3 Claremont Circle','Tubo'),
(133,'Joachim McCloch','2002-04-16','jmccloch3o@oaic.gov.au','4 Green Ridge Circle','Aygek'),
(134,'Jarrad Murt','2001-02-27','jmurt3p@booking.com','01 Graedel Circle','Kaka'),
(135,'Ted Pilmoor','2002-08-02','tpilmoor3q@friendfeed.com','7337 Meadow Vale Pass','Nanshi'),
(136,'Kiersten Coil','2001-01-30','kcoil3r@engadget.com','527 Manitowish Parkway','Los Pinos'),
(137,'Sandy Billany','2002-10-30','sbillany3s@hao123.com','8 Annamark Lane','Carpina'),
(138,'Myrvyn Deppe','2001-09-04','mdeppe3t@example.com','8 Northfield Street','Mirsk'),
(139,'Nadia Snowball','2001-04-02','nsnowball3u@pinterest.com','7695 Sutherland Circle','Johanneshov'),
(140,'Donall Croser','2000-11-09','dcroser3v@g.co','1346 Rockefeller Hill','Velk Bte'),
(141,'Danya Kolodziej','1999-12-04','dkolodziej3w@adobe.com','70181 Loeprich Drive','Dallas'),
(142,'Babb Hearsey','2003-01-14','bhearsey3x@surveymonkey.com','05080 Maple Wood Lane','Sim'),
(143,'Kale Wollen','2001-08-17','kwollen3y@paypal.com','65888 Arkansas Point','Manonjaya'),
(144,'Horton Durbyn','1999-12-11','hdurbyn3z@a8.net','6307 Esker Drive','Bsht'),
(145,'Faina Thaw','2000-03-12','fthaw40@squarespace.com','35543 Atwood Plaza','Qingzhou'),
(146,'Gale Kinsett','2003-07-08','gkinsett41@wp.com','35 Melrose Alley','San Antonio'),
(147,'Graig Zywicki','2003-06-08','gzywicki42@oakley.com','2 Cascade Avenue','omazy'),
(148,'Curt Dive','2001-10-28','cdive43@bigcartel.com','1952 Sugar Parkway','Kty Wrocawskie'),
(149,'Coraline Stackbridge','2003-09-09','cstackbridge44@cmu.edu','9 Sloan Way','Albany'),
(150,'Abbey Coursor','2002-08-22','acoursor45@blinklist.com','3248 New Castle Junction','Jenzan'),
(151,'Kellby Leipelt','2000-08-22','kleipelt46@dropbox.com','7246 Union Center','Warmare'),
(152,'Kimberlee Fradgley','2000-03-04','kfradgley47@dell.com','66164 Roxbury Parkway','Falun'),
(153,'Forbes Vannah','2001-11-26','fvannah48@purevolume.com','9 Milwaukee Crossing','Lanhas'),
(154,'Rowney Broadley','2003-07-15','rbroadley49@macromedia.com','46 Walton Pass','Granadero Baigorria'),
(155,'Cody Eynald','2002-12-20','ceynald4a@miibeian.gov.cn','29600 Merrick Pass','Zhutuo'),
(156,'Goldi Jorat','2001-11-18','gjorat4b@scientificamerican.com','002 Surrey Point','Ulundi'),
(157,'See Ouldcott','2001-04-01','souldcott4c@angelfire.com','11530 Summit Hill','Dongda'),
(158,'Virgina Batcock','2000-06-30','vbatcock4d@artisteer.com','0310 Toban Parkway','Guanyinsi'),
(159,'Cristi Ewles','2002-04-17','cewles4e@gnu.org','9643 Independence Terrace','Ro de Jess'),
(160,'Billy Marunchak','2001-12-01','bmarunchak4f@reddit.com','21 Washington Plaza','Mitzpe Ramon'),
(161,'Sophie Sempill','2000-11-29','ssempill4g@shinystat.com','877 Trailsway Alley','Whitchurch'),
(162,'Ursula Molloy','2002-10-11','umolloy4h@squarespace.com','443 Shelley Avenue','Volta Redonda'),
(163,'Link Fowle','2002-06-06','lfowle4i@nba.com','1 Fordem Lane','Flagstaff'),
(164,'Nerta Sprowles','2002-08-17','nsprowles4j@google.com.hk','09155 Everett Crossing','Vaiode'),
(165,'Chrisy Tomkowicz','1999-11-30','ctomkowicz4k@wufoo.com','61936 6th Center','Kbenhavn'),
(166,'Giles Scorton','2000-11-07','gscorton4l@fema.gov','8 Bunker Hill Pass','Lamawalang'),
(167,'Warde Woodrooffe','2002-04-11','wwoodrooffe4m@pen.io','9 Kinsman Street','Moro'),
(168,'Aili Baker','2000-07-11','abaker4n@economist.com','05 Pepper Wood Street','Jianshe'),
(169,'Thedric Gohier','2000-11-29','tgohier4o@quantcast.com','41 Kinsman Place','Beloha'),
(170,'Gothart Amoss','2001-08-03','gamoss4p@addthis.com','32682 Burning Wood Plaza','Miguel Aleman'),
(171,'Quintilla Vahey','2002-04-22','qvahey4q@addtoany.com','67979 Armistice Junction','Otavi'),
(172,'Leif Ipwell','2000-05-25','lipwell4r@dedecms.com','88514 La Follette Place','Gis'),
(173,'Halli McConnulty','2003-10-13','hmcconnulty4s@mozilla.com','62522 Gulseth Circle','Miass'),
(174,'Penn Pool','2002-07-20','ppool4t@w3.org','86 Forster Terrace','Medeiros Neto'),
(175,'Lois Lauks','2002-06-26','llauks4u@xing.com','17602 Ridge Oak Avenue','Chunxi'),
(176,'Katina Biggam','2001-03-26','kbiggam4v@w3.org','05 Buell Way','Vrzea Grande'),
(177,'Seamus Height','2002-05-01','sheight4w@exblog.jp','6 Sunfield Plaza','Casais'),
(178,'Alexa Elsdon','2002-01-31','aelsdon4x@e-recht24.de','94 Prentice Lane','Coaticook'),
(179,'Gennie oldey','2000-06-15','goldey4y@si.edu','6 Evergreen Way','Quvasoy'),
(180,'Ulrica Janicek','2000-10-14','ujanicek4z@squidoo.com','14012 Bartelt Place','Yangdang'),
(181,'Elfrieda Badman','2000-07-29','ebadman50@nyu.edu','1 Shopko Terrace','Dallas'),
(182,'Noak Larver','2003-04-14','nlarver51@tamu.edu','34209 Hoepker Crossing','Ancol'),
(183,'Frederick Jansie','2000-12-05','fjansie52@webnode.com','0 Green Ridge Point','Cabiao'),
(184,'Nicola Rhoddie','2002-07-25','nrhoddie53@tripadvisor.com','754 Sunfield Lane','Anguera'),
(185,'Courtney Barby','2001-01-04','cbarby54@arizona.edu','1 Basil Center','Yangji'),
(186,'Pietro Jerman','2002-06-18','pjerman55@uiuc.edu','78411 Golf Road','Ngedhubasa'),
(187,'Ag Jeandet','2003-03-12','ajeandet56@cbslocal.com','4 Ronald Regan Trail','Yaogou'),
(188,'Daisy Amthor','2002-11-01','damthor57@cdbaby.com','28475 Park Meadow Lane','Bogandinskiy'),
(189,'Aguistin Van Driel','2001-03-10','avan58@macromedia.com','1 Larry Parkway','Zhangcun'),
(190,'Adelheid Nelm','2000-01-07','anelm59@hc360.com','1887 Helena Point','Markaz Mudhaykirah'),
(191,'Gamaliel Plumbe','2001-01-24','gplumbe5a@blogger.com','6989 Milwaukee Crossing','Linoan'),
(192,'Gwynne Akrigg','2002-10-25','gakrigg5b@alexa.com','833 Heath Junction','Peren'),
(193,'Theodora Milton','2002-02-06','tmilton5c@gravatar.com','7262 Parkside Point','Lajarik'),
(194,'Melitta MacCostye','2000-02-03','mmaccostye5d@home.pl','86 Center Circle','Una'),
(195,'Adella Giannasi','2001-12-26','agiannasi5e@google.pl','955 Gateway Junction','Posadas'),
(196,'Saidee Hobbema','2000-12-29','shobbema5f@globo.com','930 Spenser Point','Santana do Livramento'),
(197,'Cirstoforo Marquand','2003-03-04','cmarquand5g@wp.com','36771 Dakota Court','Kallitha'),
(198,'Adlai Beldham','2002-10-03','abeldham5h@ca.gov','0 Mayer Plaza','Batallas'),
(199,'Neely Cleen','2000-07-04','ncleen5i@goo.ne.jp','8826 Bunting Center','Hengshan'),
(200,'Raychel Vines','2000-02-12','rvines5j@typepad.com','840 Barnett Hill','Kohtla-Jrve'),
(201,'Howey Eadmead','2000-10-09','headmead5k@deliciousdays.com','6577 Monica Drive','Port-aux-Franais'),
(202,'Immanuel Edlyn','2001-09-28','iedlyn5l@biblegateway.com','22117 Atwood Lane','Cercal'),
(203,'Genovera Johanchon','2001-03-27','gjohanchon5m@toplist.cz','5178 Eastlawn Plaza','Lanchkhuti'),
(204,'Feodor Paolini','2000-12-30','fpaolini5n@phoca.cz','43 Knutson Park','Luohuang'),
(205,'Maynord Harrill','2001-02-08','mharrill5o@xrea.com','9509 Vidon Point','Banyo'),
(206,'Leigh Kelmere','2000-01-11','lkelmere5p@dyndns.org','24 Oak Pass','Brataj'),
(207,'Hamid Linch','2002-03-15','hlinch5q@fc2.com','89353 Shelley Alley','Taraban Timur'),
(208,'Demott Fielding','2002-08-29','dfielding5r@ycombinator.com','712 Leroy Junction','Orodo'),
(209,'Deerdre McKimmie','2001-12-06','dmckimmie5s@miitbeian.gov.cn','03 Chive Drive','Kholm'),
(210,'Franchot Erni','2002-03-14','ferni5t@kickstarter.com','8108 Huxley Point','Santo Domingo Oeste'),
(211,'Florry Blackesland','2000-09-24','fblackesland5u@abc.net.au','4 Kipling Avenue','ydzen'),
(212,'Sula Fairbank','2002-11-13','sfairbank5v@linkedin.com','9 Morningstar Hill','Tushi'),
(213,'Demetris Lindup','2002-08-17','dlindup5w@utexas.edu','3 Dexter Road','Kristiansand S'),
(214,'Laurie Linskill','2001-03-17','llinskill5x@wikipedia.org','1 Charing Cross Drive','Koka'),
(215,'Chariot Yakuntsov','2003-04-15','cyakuntsov5y@java.com','76 Menomonie Point','Cottbus'),
(216,'Torrence Shoulder','2002-05-20','tshoulder5z@fda.gov','7757 Namekagon Lane','Rostov-na-Donu'),
(217,'Amby Larkby','2002-01-10','alarkby60@techcrunch.com','45621 Forster Circle','Pyrgets'),
(218,'Mario Filipovic','2000-03-13','mfilipovic61@ca.gov','0 Forest Dale Center','Staroshcherbinovskaya'),
(219,'Sosanna Pridham','2000-01-21','spridham62@china.com.cn','7 Coleman Drive','Jiazi'),
(220,'Gav Treadgold','2002-05-13','gtreadgold63@indiatimes.com','981 Sunnyside Trail','Airuk'),
(221,'Sandro Alexsandrov','2002-07-31','salexsandrov64@upenn.edu','2 Fremont Center','Amieirinha'),
(222,'Tessy Dunniom','2003-10-06','tdunniom65@webeden.co.uk','048 Dexter Trail','Dong Charoen'),
(223,'Blondelle Sotworth','2002-01-13','bsotworth66@bbb.org','22252 Emmet Circle','Tibigan'),
(224,'Marve Georgeot','2003-03-22','mgeorgeot67@ucoz.ru','9 Summerview Alley','Slvesborg'),
(225,'Miranda Lansly','2000-02-10','mlansly68@so-net.ne.jp','47 Lawn Point','Pingshanhu'),
(226,'Carrissa Dalman','2001-08-20','cdalman69@people.com.cn','4472 Corscot Avenue','Waihibar'),
(227,'Lorianna Acock','2001-12-07','lacock6a@cbsnews.com','71 Valley Edge Lane','Golv Jenkov'),
(228,'Garnet Margrem','2002-07-11','gmargrem6b@cbc.ca','0258 Mesta Hill','Antsiranana'),
(229,'Burlie Baythorp','2001-03-15','bbaythorp6c@sohu.com','55 Vermont Street','Navoiy'),
(230,'Briny Stickles','2001-12-31','bstickles6d@geocities.com','20712 Kenwood Place','Kunyang'),
(231,'Bill Henric','2000-09-10','bhenric6e@altervista.org','2355 8th Point','La Dorada'),
(232,'Liane Lackinton','2002-11-07','llackinton6f@sourceforge.net','755 Melody Trail','Wuhu'),
(233,'Nevsa Shafe','2000-04-01','nshafe6g@addthis.com','106 Summit Court','Montenegro'),
(234,'Elora Dymott','2001-08-06','edymott6h@answers.com','72349 Bobwhite Park','Yamrat'),
(235,'Anissa Reveland','2003-11-13','areveland6i@ehow.com','6549 Wayridge Alley','Santiago'),
(236,'Susann Jeffress','2001-09-30','sjeffress6j@dedecms.com','6 Myrtle Road','Luna'),
(237,'Damian Caplan','2003-09-04','dcaplan6k@salon.com','91631 Mockingbird Junction','Jnkping'),
(238,'Ofella Charlson','2002-11-06','ocharlson6l@rediff.com','110 Sunbrook Junction','Vanton'),
(239,'Kathryn Ladbrook','2000-07-09','kladbrook6m@sitemeter.com','26328 Lake View Junction','Lopatyn'),
(240,'Rocky Grisbrook','2002-03-17','rgrisbrook6n@wunderground.com','44 Spohn Junction','Bogovarovo'),
(241,'Woody Mattiato','2003-07-06','wmattiato6o@upenn.edu','53 Barby Drive','Yeroam'),
(242,'Wilton Rockliffe','2001-01-18','wrockliffe6p@macromedia.com','48021 Rigney Way','Tgane'),
(243,'Friederike Limb','2002-09-04','flimb6q@constantcontact.com','398 Dixon Terrace','Zhaoxiang'),
(244,'Gaylord Dobbyn','2003-05-05','gdobbyn6r@nymag.com','72 Towne Crossing','Xijiang'),
(245,'Alexi Pittem','2000-09-14','apittem6s@ow.ly','1 Petterle Street','Taizi'),
(246,'Nathanil Tosney','2003-05-15','ntosney6t@google.com.au','62745 Homewood Avenue','Jambuwerkrajan'),
(247,'Donetta Howman','2000-05-09','dhowman6u@virginia.edu','3 Pawling Crossing','Narutoch-mitsuishi'),
(248,'Beitris Spadari','2000-01-27','bspadari6v@acquirethisname.com','28508 Rowland Junction','Towa'),
(249,'Sukey Medlar','2001-12-02','smedlar6w@europa.eu','424 Blackbird Parkway','Bugene'),
(250,'Alexis Madner','2000-09-10','amadner6x@house.gov','01 Arapahoe Point','Samokov'),
(251,'Malorie Cootes','2002-09-05','mcootes6y@vistaprint.com','5 Grasskamp Alley','Hake'),
(252,'Lyman Naile','2000-08-14','lnaile6z@ftc.gov','418 Artisan Terrace','Zhenwen'),
(253,'Joyce Tooke','2001-09-01','jtooke70@360.cn','2102 Farwell Center','Bellavista'),
(254,'Marla Trematick','2002-06-20','mtrematick71@vk.com','675 Alpine Hill','Banjarjo'),
(255,'Rhody O\'Connor','1999-12-03','roconnor72@arizona.edu','50 Vernon Road','Sembalunbumbung'),
(256,'Sonja Manion','2002-05-25','smanion73@free.fr','20 Scofield Trail','Saki'),
(257,'Clarke Sandercock','2002-09-30','csandercock74@godaddy.com','2263 Packers Drive','Puerto Lpez'),
(258,'Chic McSpirron','2000-12-30','cmcspirron75@dmoz.org','8 Dexter Pass','Kalmar'),
(259,'Barbabas Scraggs','2003-01-19','bscraggs76@apple.com','880 Pankratz Parkway','Avarua'),
(260,'Peg Doorey','1999-12-28','pdoorey77@hud.gov','8 Oneill Terrace','Sremska Mitrovica'),
(261,'Sapphire Poleykett','2002-01-06','spoleykett78@webs.com','789 Bartillon Circle','Don Mueang'),
(262,'Dniren Gierok','2000-10-15','dgierok79@blinklist.com','41920 Schurz Crossing','Pelileo'),
(263,'Isac Lukehurst','2002-09-08','ilukehurst7a@deliciousdays.com','5 Larry Hill','Ibina'),
(264,'Tann Stanger','2001-04-16','tstanger7b@earthlink.net','92 Duke Court','Oematnunu'),
(265,'Harper Bowfin','2003-07-17','hbowfin7c@ask.com','84 Holmberg Parkway','Staraya Mayna'),
(266,'Ryan Hoyer','2003-05-20','rhoyer7d@xrea.com','59172 Nova Avenue','Kazaure'),
(267,'Lammond Creaney','2001-05-18','lcreaney7e@multiply.com','8002 Fairfield Way','Ribafria'),
(268,'Eugenio Ambrosch','2002-10-15','eambrosch7f@state.tx.us','18 Schlimgen Terrace','Armen'),
(269,'Madalyn Venton','2003-10-22','mventon7g@blinklist.com','463 New Castle Court','Fuqiang'),
(270,'Ricky Bauduin','2000-07-30','rbauduin7h@lycos.com','4514 Fremont Terrace','Anto'),
(271,'Rosita Ahmed','2003-01-04','rahmed7i@ox.ac.uk','030 Doe Crossing Crossing','\'s-Hertogenbosch'),
(272,'Delora Garnham','2001-09-06','dgarnham7j@patch.com','531 Quincy Street','Made'),
(273,'Dorita Shawyers','2003-04-23','dshawyers7k@soup.io','29 Mosinee Court','Fonteleite'),
(274,'Bank Lippett','2001-08-17','blippett7l@prnewswire.com','18 Bellgrove Road','Benzilan'),
(275,'Jack Scramage','2000-07-14','jscramage7m@bravesites.com','6675 Briar Crest Place','Kardtsa'),
(276,'Erskine Sineath','2002-11-12','esineath7n@ehow.com','1 Grayhawk Place','Kbenhavn'),
(277,'Ailis Cattroll','2001-01-07','acattroll7o@unesco.org','46835 Ridgeway Way','So Paulo'),
(278,'Griff Farnell','2002-07-16','gfarnell7p@diigo.com','229 Shopko Court','Campor'),
(279,'Em Danshin','2002-06-26','edanshin7q@netvibes.com','53 Hoffman Crossing','Studzienice'),
(280,'Neale MacCartney','2001-10-18','nmaccartney7r@discovery.com','97110 Delladonna Alley','Shnmri'),
(281,'Harriette Gooddy','2003-01-19','hgooddy7s@simplemachines.org','785 Iowa Terrace','Fgl'),
(282,'Wilek Reisenberg','2001-12-03','wreisenberg7t@google.es','2 Jackson Point','Tairan Camp'),
(283,'Editha Vearncomb','2001-03-03','evearncomb7u@cornell.edu','905 Little Fleur Avenue','Guar'),
(284,'Silvio Bugbee','2002-08-10','sbugbee7v@webeden.co.uk','2555 Warrior Park','Konsoy'),
(285,'Karry Ascraft','2003-08-10','kascraft7w@mysql.com','8 Hanson Plaza','Krzczonw'),
(286,'Liliane Forestall','2000-05-18','lforestall7x@friendfeed.com','3325 Heath Lane','Strathmore'),
(287,'Anny Razzell','2002-03-01','arazzell7y@springer.com','36667 Hoffman Court','Shrvn'),
(288,'Yance Light','2002-08-11','ylight7z@japanpost.jp','3 Hauk Alley','Satuek'),
(289,'Emmott Acock','2002-07-19','eacock80@japanpost.jp','88951 Helena Terrace','Vila de Rei'),
(290,'Esme Lampart','2001-02-27','elampart81@uiuc.edu','3 Blackbird Terrace','Fangfan'),
(291,'Siegfried Hattigan','2003-08-10','shattigan82@imdb.com','58340 Mcbride Place','Laotai'),
(292,'Isabella Donnellan','2000-12-06','idonnellan83@hc360.com','55 Dottie Parkway','Bilovods\'k'),
(293,'Adlai Whitemarsh','2001-10-09','awhitemarsh84@ameblo.jp','539 Crest Line Alley','Sihe'),
(294,'Carita Carlaw','2001-03-03','ccarlaw85@diigo.com','578 Melrose Way','Teuva'),
(295,'Maritsa Pinckney','2001-01-28','mpinckney86@fc2.com','3191 Debra Park','Piasek'),
(296,'Land Sparshott','2003-01-13','lsparshott87@sohu.com','21357 Karstens Center','Ciudad Bolvar'),
(297,'Meaghan Cubbon','2002-07-02','mcubbon88@cisco.com','02296 Granby Road','Hamberang Sabrang'),
(298,'Zonnya McKinlay','2000-12-09','zmckinlay89@marketwatch.com','22 Eagan Court','Midrand'),
(299,'Di Wane','2002-10-06','dwane8a@yale.edu','9 American Ash Junction','Middelburg'),
(300,'Roley Allinson','2003-10-13','rallinson8b@mit.edu','3 Steensland Road','Ribaldeira'),
(301,'Corrinne Mattingson','2000-07-23','cmattingson8c@ning.com','32998 Hovde Circle','Dobryatino'),
(302,'Bayard Aindriu','2001-03-09','baindriu8d@netvibes.com','57427 Daystar Point','Lille'),
(303,'Piper Rowaszkiewicz','2003-07-24','prowaszkiewicz8e@columbia.edu','230 Farragut Point','Nakkila'),
(304,'Kellby MacKartan','2000-02-02','kmackartan8f@dagondesign.com','19827 Heffernan Center','Stakhanov'),
(305,'Drusi Garretts','2002-05-10','dgarretts8g@sohu.com','540 Transport Terrace','Isim'),
(306,'Joshua Rive','2000-10-06','jrive8h@salon.com','535 Colorado Terrace','Tualeu'),
(307,'Jacquelin Hubber','2000-04-14','jhubber8i@amazon.co.jp','018 Lighthouse Bay Street','Puutura'),
(308,'Chicky Blemen','2001-02-03','cblemen8j@tinypic.com','5 Derek Alley','Sabanitas'),
(309,'Erek Fetherstan','2002-08-29','efetherstan8k@mac.com','873 Katie Park','San Ignacio de Tupile'),
(310,'Kalina Doeg','2003-05-21','kdoeg8l@histats.com','6 Walton Center','Gteborg'),
(311,'Mignonne Doley','2001-11-26','mdoley8m@usatoday.com','7 Roth Plaza','Cilated'),
(312,'Claire Wadham','2000-08-25','cwadham8n@cdc.gov','702 Old Shore Place','Saraza'),
(313,'Dido Berdale','2001-01-31','dberdale8o@meetup.com','67 Di Loreto Pass','Roma'),
(314,'Wini Leibold','2003-10-10','wleibold8p@bizjournals.com','26 Erie Parkway','Przemt'),
(315,'Towney Pullinger','2003-06-04','tpullinger8q@lycos.com','9 Maple Alley','Osilnica'),
(316,'Fifine Hobden','2002-02-23','fhobden8r@intel.com','47950 Artisan Alley','Pestovo'),
(317,'Lucien Plett','2002-10-11','lplett8s@newyorker.com','2645 Mayfield Alley','Hongguang'),
(318,'Nonie Stalman','2001-07-04','nstalman8t@odnoklassniki.ru','6 Hauk Plaza','Congas'),
(319,'Yoshiko Allanby','2002-05-10','yallanby8u@bizjournals.com','9 Marcy Parkway','Ban Phue'),
(320,'Devora Snead','2000-09-17','dsnead8v@jiathis.com','51 Huxley Road','Long Loreh'),
(321,'Tuesday Vasilyonok','2003-07-12','tvasilyonok8w@state.gov','92519 Arapahoe Road','Kangmei'),
(322,'Amity Lesslie','2001-05-28','alesslie8x@prweb.com','5 Blackbird Park','Jiekou'),
(323,'Dorelia Tinman','2001-05-16','dtinman8y@acquirethisname.com','1004 Buena Vista Road','Sindangheula'),
(324,'Lenard Iacovaccio','2000-07-01','liacovaccio8z@studiopress.com','1 Schiller Point','Aldeia de Alm'),
(325,'Zaneta Philippeaux','2001-12-17','zphilippeaux90@slashdot.org','33 Basil Circle','Quezaltepeque'),
(326,'Serge Christofle','2002-02-28','schristofle91@accuweather.com','5346 Hollow Ridge Point','Okiot'),
(327,'Anstice Hanster','2002-05-13','ahanster92@ask.com','94670 Dryden Court','Guimbal'),
(328,'Rycca Klamman','2000-04-30','rklamman93@merriam-webster.com','4778 Veith Lane','Cognac'),
(329,'Ingra Kerton','2003-09-21','ikerton94@ehow.com','7218 Kings Court','Qutqashen'),
(330,'Wilfred Howells','2001-01-15','whowells95@smugmug.com','909 Sauthoff Park','Kurumkan'),
(331,'Ronnie Stovold','2001-12-31','rstovold96@telegraph.co.uk','03283 Hanson Street','Simao'),
(332,'Lilias Haldenby','1999-12-27','lhaldenby97@tiny.cc','0 Grasskamp Terrace','Driyorejo'),
(333,'Moira Tomicki','1999-12-11','mtomicki98@infoseek.co.jp','1 Florence Way','Jumpangdua'),
(334,'Delora Abramovici','2002-12-25','dabramovici99@digg.com','5304 Basil Avenue','Anse  Galets'),
(335,'Malchy Strowthers','2003-09-01','mstrowthers9a@scientificamerican.com','84976 Redwing Junction','Seltjarnarnes'),
(336,'Gwenneth Rough','2002-11-14','grough9b@scientificamerican.com','7102 Mayer Junction','Gwaram'),
(337,'Olivier Klosa','2001-03-29','oklosa9c@google.com.br','76 Moulton Drive','Aquia'),
(338,'Kimberley Ragate','2000-02-19','kragate9d@reference.com','28342 Fuller Circle','Nahuo'),
(339,'Glenn Bonifant','2001-08-18','gbonifant9e@imdb.com','4 Delaware Avenue','Siaton'),
(340,'Hagan Gownge','2003-06-16','hgownge9f@trellian.com','285 Banding Park','Draginje'),
(341,'Hugo Haining','2002-05-24','hhaining9g@wikia.com','7 Northport Plaza','Plcido de Castro'),
(342,'Jinny Barmadier','2003-03-23','jbarmadier9h@baidu.com','03 Bultman Place','San Juan'),
(343,'Trude Sydney','2001-06-22','tsydney9i@biblegateway.com','91847 Sheridan Place','Sumberejo'),
(344,'Portie Passingham','2003-10-27','ppassingham9j@comcast.net','485 Transport Pass','Qarqania'),
(345,'Oswald Liversage','2002-10-16','oliversage9k@slashdot.org','8664 Kensington Drive','Jackson'),
(346,'Sylvan Seegar','2002-02-20','sseegar9l@princeton.edu','0462 Eliot Way','Bethlehem'),
(347,'Alidia Lukianovich','2003-09-22','alukianovich9m@lulu.com','30 Meadow Vale Park','Prgaaj'),
(348,'Norry Cunney','2001-10-20','ncunney9n@google.es','364 Schlimgen Center','Mrwh Gorchani'),
(349,'Tansy Hainey`','2003-01-21','thainey9o@homestead.com','74820 Lukken Center','Greater Napanee'),
(350,'Claudelle Abramson','2002-02-17','cabramson9p@booking.com','02057 Bluejay Avenue','Dorotea'),
(351,'Aggy Craik','2003-09-18','acraik9q@arstechnica.com','96 Crowley Crossing','Santo Domingo'),
(352,'Kyrstin Congreave','2003-11-25','kcongreave9r@taobao.com','76 School Circle','Liudu'),
(353,'Neil Newport','2000-10-13','nnewport9s@ifeng.com','46 Center Avenue','Santa Cruz'),
(354,'Ami Champagne','2001-03-08','achampagne9t@last.fm','49 Grim Court','Jinxiang'),
(355,'Delphine Luton','2002-03-20','dluton9u@symantec.com','308 Mallard Place','Xinqiaohe'),
(356,'Dougie Pilgrim','2000-10-19','dpilgrim9v@list-manage.com','850 Warner Plaza','Longnan'),
(357,'Eb Emslie','2000-08-24','eemslie9w@facebook.com','55 Milwaukee Lane','Wangcungang'),
(358,'Yorker Wedderburn','2003-05-20','ywedderburn9x@economist.com','8952 Jay Avenue','Shuixi'),
(359,'Nicko Petford','2003-09-07','npetford9y@nasa.gov','512 Towne Circle','Koesan'),
(360,'Talyah Sallings','2000-10-03','tsallings9z@noaa.gov','41 Prairieview Circle','Valka'),
(361,'Darrell Jamieson','2001-07-28','djamiesona0@chron.com','153 Canary Avenue','Enkping'),
(362,'Teri Antonucci','2000-10-03','tantonuccia1@dion.ne.jp','49 Lunder Trail','Pengdian'),
(363,'Cinda Banbridge','2003-01-26','cbanbridgea2@stanford.edu','34 Iowa Center','Henglian'),
(364,'Demetria Allabush','2000-11-05','dallabusha3@weibo.com','8 Hermina Way','Montinho'),
(365,'Veriee Robun','2002-03-11','vrobuna4@wunderground.com','7 Golf View Junction','Banjarwaru'),
(366,'Antin Brendish','2002-04-18','abrendisha5@nymag.com','276 Dayton Pass','Moravsk Psek'),
(367,'Amabel O\'Corrin','2003-09-06','aocorrina6@imgur.com','60155 Saint Paul Point','So Francisco'),
(368,'Zena Woolstenholmes','2003-07-30','zwoolstenholmesa7@yellowbook.com','6684 Melody Crossing','Ombarade'),
(369,'Boyd Heatley','2000-04-02','bheatleya8@oaic.gov.au','5264 Dahle Terrace','Jinfeng'),
(370,'Kristi Rawlin','2003-05-15','krawlina9@studiopress.com','448 Vermont Drive','Zhangjiafang'),
(371,'Clo Portis','2002-07-15','cportisaa@etsy.com','7520 Debra Point','Proletar'),
(372,'Lorri McLorinan','2000-08-24','lmclorinanab@google.cn','61617 Farmco Avenue','San Cristbal Totonicapn'),
(373,'Karleen Russe','2000-10-14','krusseac@yandex.ru','6098 Bay Road','Koronadal'),
(374,'Sky Crassweller','2002-07-19','scrasswellerad@nih.gov','37 Pond Road','San Nicolas'),
(375,'Casi Bowie','2000-04-08','cbowieae@about.com','5030 Annamark Hill','Shirochanka'),
(376,'Emerson Penna','2000-09-23','epennaaf@multiply.com','1972 4th Point','Duanjia'),
(377,'Barnie Slayny','2001-09-01','bslaynyag@weibo.com','3 High Crossing Terrace','Gorodets'),
(378,'Goldy McMurray','2000-12-16','gmcmurrayah@geocities.com','86703 Anzinger Terrace','Paris 03'),
(379,'Kayne Izkovitch','2003-03-14','kizkovitchai@sohu.com','7 Hanson Pass','Calamba'),
(380,'Norina Castanie','1999-12-07','ncastanieaj@tumblr.com','22813 Ridgeway Street','Ximei'),
(381,'Abramo Vasilyevski','2002-01-13','avasilyevskiak@vkontakte.ru','3693 Stephen Parkway','Grugul'),
(382,'Rufus Brushfield','2003-02-02','rbrushfieldal@flavors.me','0160 Commercial Avenue','Kogota'),
(383,'Zared Tiler','2002-05-31','ztileram@addtoany.com','3 Talisman Avenue','Bomomani'),
(384,'Darelle London','2001-03-14','dlondonan@digg.com','075 Pennsylvania Point','Broto'),
(385,'Fidel Thome','2003-06-30','fthomeao@who.int','40 Parkside Junction','Amucao'),
(386,'Kitti Licciardo','2001-02-16','klicciardoap@hugedomains.com','29 Clove Street','Bukama'),
(387,'Chlo Mylchreest','2003-04-25','cmylchreestaq@noaa.gov','85886 Spohn Alley','Borzna'),
(388,'Archibald Crookes','2001-11-14','acrookesar@unesco.org','32619 Dennis Circle','Machala'),
(389,'Mathe Whittlesee','2000-09-11','mwhittleseeas@jigsy.com','6548 Chive Place','Tunoshna'),
(390,'Kincaid Dawltrey','2003-07-20','kdawltreyat@goodreads.com','53203 Judy Terrace','Kunwi'),
(391,'Averil Bartolommeo','2001-12-05','abartolommeoau@histats.com','6 Springs Point','Wolmaransstad'),
(392,'Monique Bateson','2000-11-15','mbatesonav@alibaba.com','9768 Eliot Place','Zhongxin'),
(393,'Dulci Kilcoyne','2003-03-01','dkilcoyneaw@sun.com','773 Transport Junction','Retreat'),
(394,'Duke Eteen','2001-11-10','deteenax@comsenz.com','525 Susan Junction','Santa Teresa First'),
(395,'Dorothy Deavin','2000-10-05','ddeavinay@twitpic.com','00 Stang Place','Masma'),
(396,'Mureil Kobel','2000-04-14','mkobelaz@woothemes.com','88 Truax Drive','Pvilosta'),
(397,'Nappie Bruyet','2002-09-16','nbruyetb0@nymag.com','77539 Carioca Park','Sanxi'),
(398,'Helyn Disman','2003-11-22','hdismanb1@patch.com','740 Tennessee Park','Bradashesh'),
(399,'Thor Menilove','2000-07-28','tmeniloveb2@dion.ne.jp','190 Rigney Terrace','Momignies'),
(400,'Mead Ridgers','2000-09-19','mridgersb3@unicef.org','6506 Blaine Center','Jinping'),
(401,'Aeriel Seine','2003-07-28','aseineb4@1688.com','4 Sutteridge Trail','Rio Novo do Sul'),
(402,'Georas Dene','2003-11-26','gdeneb5@prweb.com','57 Declaration Plaza','Kazo'),
(403,'Jeffry Artiss','1999-12-24','jartissb6@google.ru','4365 Derek Terrace','Usolye'),
(404,'Linc Fattori','2000-07-13','lfattorib7@marriott.com','4 Riverside Parkway','Changmao'),
(405,'Forster Alder','2000-11-02','falderb8@networksolutions.com','626 Hudson Lane','Sang-e Mshah'),
(406,'Patrice Saterthwait','2001-04-14','psaterthwaitb9@free.fr','72319 Rigney Road','Biryulvo Zapadnoye'),
(407,'Malvina Baldry','2002-12-06','mbaldryba@macromedia.com','8 Aberg Plaza','Gendiwu'),
(408,'Meriel Rime','2000-03-15','mrimebb@istockphoto.com','5235 Rutledge Terrace','yioi Apstoloi'),
(409,'Amble Doberer','2000-04-27','adobererbc@sourceforge.net','8002 Hermina Way','Mehmand Chak'),
(410,'Chrisse Cammish','2001-02-27','ccammishbd@sphinn.com','174 Maple Place','Benito Juarez'),
(411,'Sonny Beyn','2003-03-30','sbeynbe@etsy.com','1 Redwing Circle','Lameiro'),
(412,'Alfie Shorton','2001-12-26','ashortonbf@npr.org','1 Lunder Pass','Nongoma'),
(413,'Lazare Simpkins','2002-07-27','lsimpkinsbg@livejournal.com','5 Melvin Junction','Qaabah'),
(414,'Gayle Gainsborough','2002-05-19','ggainsboroughbh@surveymonkey.com','60 Heath Street','Wangzha'),
(415,'Maisey Imm','2001-09-14','mimmbi@redcross.org','751 Hudson Park','Khulm'),
(416,'Walt Johnikin','2001-05-13','wjohnikinbj@archive.org','032 Jana Circle','Huata'),
(417,'Bridget Dennehy','2002-10-02','bdennehybk@scribd.com','89 Helena Court','Tamanan'),
(418,'Kristoffer Francescone','2001-01-17','kfrancesconebl@netscape.com','595 Green Ridge Street','Pangascasan'),
(419,'Minni Byas','2001-03-31','mbyasbm@deliciousdays.com','63375 Muir Road','Huilong'),
(420,'Celestyna Beeze','2001-10-27','cbeezebn@cnn.com','656 Arizona Street','Anjiang'),
(421,'Evaleen Delamar','2002-08-05','edelamarbo@netscape.com','15 Towne Parkway','Malino'),
(422,'Callida Cranfield','1999-12-30','ccranfieldbp@geocities.com','66709 Fairview Way','Jiangdong'),
(423,'Byrom Pau','2001-09-22','bpaubq@deviantart.com','501 Village Circle','Leneice'),
(424,'Huntington Tremouille','2002-06-23','htremouillebr@over-blog.com','86808 Garrison Terrace','Debeljaa'),
(425,'Elbert Bread','2001-11-22','ebreadbs@istockphoto.com','457 Hintze Terrace','Dongxiang'),
(426,'Shirlee Abelov','2001-05-14','sabelovbt@princeton.edu','64641 Pawling Center','Dalan'),
(427,'Neala Ianne','2001-10-25','niannebu@noaa.gov','6 Transport Junction','Vestary'),
(428,'Kipper Trevorrow','2003-06-12','ktrevorrowbv@jiathis.com','663 Montana Center','Safara'),
(429,'Felizio Smythe','2003-07-04','fsmythebw@apple.com','7 Oak Center','Zengfu'),
(430,'Renee Dundridge','2001-10-19','rdundridgebx@statcounter.com','70 Oak Alley','Dafeng'),
(431,'Murdock Nellies','2002-05-29','mnelliesby@unblog.fr','81 Westridge Way','Taishihe'),
(432,'Burton Kingzeth','2002-12-07','bkingzethbz@mozilla.com','33255 Sachs Drive','Ulcinj'),
(433,'Daffy Wallice','2000-02-12','dwallicec0@arstechnica.com','07702 Hintze Circle','El Suyatal'),
(434,'Bettine Ibarra','2001-04-30','bibarrac1@smh.com.au','216 Columbus Drive','Consolacin del Sur'),
(435,'Sada Haresign','2001-01-13','sharesignc2@domainmarket.com','901 Linden Avenue','Longshan'),
(436,'Abba Virgoe','2003-03-25','avirgoec3@independent.co.uk','51 Drewry Way','Krzynowoga Maa'),
(437,'Courtney Ricardo','1999-12-24','cricardoc4@imdb.com','46942 Blaine Terrace','Sukamulya'),
(438,'Shayne McGavigan','2000-07-09','smcgaviganc5@techcrunch.com','68559 Heath Pass','El Gouna'),
(439,'Cammie Dunrige','2000-01-07','cdunrigec6@last.fm','54580 Schurz Way','Yehud'),
(440,'Pepi Sidebottom','2002-04-24','psidebottomc7@loc.gov','841 Dennis Trail','Pasarnangka'),
(441,'Randi Capnor','2000-01-10','rcapnorc8@google.nl','7337 Stang Circle','Nybro'),
(442,'Felicio Mole','2001-01-23','fmolec9@usatoday.com','0 Bultman Avenue','Karangasem'),
(443,'Romola Hurd','2000-04-03','rhurdca@webnode.com','300 Ruskin Pass','Lyntupy'),
(444,'Veradis Gajewski','2002-04-06','vgajewskicb@google.com.au','06 Emmet Circle','Erdaojiang'),
(445,'Donielle O\' Hern','2002-05-25','docc@sakura.ne.jp','5 Holy Cross Court','Khinjn'),
(446,'Conway Carlile','2001-05-23','ccarlilecd@alibaba.com','8 Oak Parkway','Balengbeng'),
(447,'Batholomew Kennifeck','2000-01-09','bkennifeckce@prnewswire.com','7 Corscot Court','Banjarbaru'),
(448,'Emelina Darlow','2001-07-31','edarlowcf@psu.edu','8 Morningstar Plaza','Radzanw'),
(449,'Alon Hesbrook','2002-10-19','ahesbrookcg@mysql.com','5 Dawn Park','Nanshao'),
(450,'Sigismund Caslane','2003-07-22','scaslanech@ucoz.ru','8 Chive Way','Port Moody'),
(451,'Vivienne Amys','2000-09-30','vamysci@biblegateway.com','142 Trailsway Point','Liverpool'),
(452,'Kerianne Frostdyke','2000-11-30','kfrostdykecj@pcworld.com','7723 Susan Lane','Seulimeum'),
(453,'Olga Casperri','2000-10-25','ocasperrick@fotki.com','70657 Starling Hill','Alagoinhas'),
(454,'Daile Gerring','2000-06-05','dgerringcl@soundcloud.com','1004 Northland Lane','Batasan Bata'),
(455,'Morna Hanne','2000-12-03','mhannecm@oaic.gov.au','90086 Bunting Terrace','Krajan'),
(456,'Welsh Vondrak','2002-03-30','wvondrakcn@blinklist.com','7 Manley Center','Asahikawa'),
(457,'Elston McKane','2002-02-01','emckaneco@163.com','839 Eliot Plaza','Musina'),
(458,'Auroora Chmiel','2000-12-01','achmielcp@engadget.com','07415 Ilene Circle','Masindi Port'),
(459,'Bernardine Gration','2000-11-27','bgrationcq@reverbnation.com','4023 Nelson Hill','Nouna'),
(460,'Haydon MacNockater','2003-08-09','hmacnockatercr@wikia.com','1 Sachtjen Terrace','emaii Naumiestis'),
(461,'Adam Bott','2002-07-03','abottcs@netlog.com','2043 Alpine Center','Al liyah'),
(462,'Jasmine Done','2003-02-19','jdonect@cam.ac.uk','66092 Quincy Trail','Cimanggu'),
(463,'Lyle MacFadin','2002-09-11','lmacfadincu@cargocollective.com','6 Dovetail Way','Pyatigorsk'),
(464,'Chantalle Rizzetti','2002-11-01','crizzetticv@quantcast.com','419 Jay Junction','Parys'),
(465,'Winnah Ings','2003-07-06','wingscw@chicagotribune.com','4935 Jay Center','Kingston'),
(466,'Clo Assaf','2001-12-31','cassafcx@nih.gov','75 Schmedeman Avenue','Satowebrang'),
(467,'Harp Everix','2003-02-06','heverixcy@tripadvisor.com','7 Thackeray Lane','Vogar'),
(468,'Irv Shellshear','2002-01-22','ishellshearcz@tripadvisor.com','36 Swallow Alley','Mawlamyinegyunn'),
(469,'Mahmud Brocks','2002-11-05','mbrocksd0@chronoengine.com','46169 Northport Junction','Nioro du Rip'),
(470,'Eleanore Yurmanovev','2002-04-03','eyurmanovevd1@plala.or.jp','18361 Cardinal Plaza','Portobelo'),
(471,'Daffie Dibden','2000-06-20','ddibdend2@umn.edu','709 Laurel Lane','Pijao'),
(472,'Kasper Hinsch','2001-01-31','khinschd3@jimdo.com','2 Iowa Circle','Pawili'),
(473,'Maxy Thal','2003-05-30','mthald4@indiatimes.com','091 Cordelia Alley','Kraljevo'),
(474,'Salomi Kristof','2001-05-05','skristofd5@youku.com','57 Leroy Crossing','Atakpam'),
(475,'Hobie Daens','2001-08-19','hdaensd6@bigcartel.com','73 Pine View Terrace','Peimei'),
(476,'Marin Brogden','2001-07-05','mbrogdend7@techcrunch.com','3 Waxwing Circle','Stari Grad'),
(477,'Dona Lempke','2001-12-30','dlempked8@shinystat.com','79 Mccormick Parkway','arnw'),
(478,'Linell Kirley','2000-09-17','lkirleyd9@youtu.be','74 Longview Lane','Kaseda-shirakame'),
(479,'Ebony Jinks','2001-09-15','ejinksda@ow.ly','0 Melody Road','Jakhaly'),
(480,'Haywood Orrum','2003-02-14','horrumdb@arstechnica.com','58 Havey Way','Palermo'),
(481,'Keenan Graysmark','2000-04-21','kgraysmarkdc@github.io','06147 Kennedy Drive','Gaoleshan'),
(482,'Alexandra Allicock','1999-12-06','aallicockdd@google.es','9416 6th Alley','ablah'),
(483,'Kimble Myles','2003-04-24','kmylesde@seattletimes.com','741 Nancy Circle','San Ramn de la Nueva Orn'),
(484,'Conroy Crickett','2000-03-24','ccrickettdf@bloglines.com','96 Basil Parkway','Beitou'),
(485,'Chiarra Claw','2002-06-30','cclawdg@mit.edu','131 Killdeer Street','Libas'),
(486,'Perry Ellsom','2002-08-30','pellsomdh@jiathis.com','8 Coolidge Center','Plva'),
(487,'Melisenda Hacquoil','2002-10-23','mhacquoildi@npr.org','62091 Mallard Street','Semrom'),
(488,'Wildon Kiendl','2002-03-19','wkiendldj@tmall.com','1 Heffernan Court','Guniushan'),
(489,'Nevin Spikeings','2003-06-02','nspikeingsdk@so-net.ne.jp','557 Hudson Lane','Ripky'),
(490,'Hillyer Longland','2000-07-22','hlonglanddl@amazon.com','1 Heffernan Court','Pandak'),
(491,'Finlay Dublin','2000-12-27','fdublindm@fotki.com','6176 Dwight Circle','La Virginia'),
(492,'Irita Mettrick','2000-07-05','imettrickdn@prweb.com','47 Loomis Junction','Nyzhnya Krynka'),
(493,'Rosemarie Gemnett','2003-05-31','rgemnettdo@infoseek.co.jp','84783 Ilene Trail','Auch'),
(494,'Gina Malkinson','2001-01-12','gmalkinsondp@google.ca','48 Del Mar Street','Yujia'),
(495,'Viv Shrubshall','2002-03-18','vshrubshalldq@npr.org','16 Packers Way','Bangil'),
(496,'Flora Greally','2001-10-14','fgreallydr@hugedomains.com','05 Spohn Street','Zhonghe'),
(497,'Shirley Wattins','2001-01-26','swattinsds@smh.com.au','04154 Bowman Street','Zayt Jammn'),
(498,'Sophey Dominiak','2000-11-13','sdominiakdt@skyrock.com','2316 Trailsway Trail','Jincheng'),
(499,'Emmaline Geraldo','2000-12-23','egeraldodu@ustream.tv','43 Holy Cross Circle','Itaparica'),
(500,'Xenia Reavey','2001-10-14','xreaveydv@mail.ru','1 Longview Park','Kembang'),
(501,'Evyn Swyer-Sexey','2002-08-30','eswyersexeydw@chronoengine.com','83 Delladonna Junction','Maciejowice'),
(502,'Angelique Fuzzey','2001-04-13','afuzzeydx@lulu.com','51825 Clove Alley','Karangkancana'),
(503,'Abba Ettritch','2001-12-29','aettritchdy@csmonitor.com','0582 Manufacturers Circle','Narach'),
(504,'Imojean Salvadori','2002-07-29','isalvadoridz@netvibes.com','3516 Superior Place','Pandan'),
(505,'Wes Willes','2001-03-16','wwillese0@accuweather.com','3839 Messerschmidt Street','Anxi'),
(506,'Burnaby Van der Spohr','2000-11-28','bvane1@netlog.com','7 Starling Trail','Datong'),
(507,'Adan Putson','2000-04-09','aputsone2@cnbc.com','8 Anderson Lane','Lianhe'),
(508,'Kaycee Pashan','2003-10-30','kpashane3@t-online.de','62535 Judy Center','Al Qurayn'),
(509,'Anderson Gotch','2000-05-17','agotche4@opensource.org','99 Springview Pass','Santa Rita Village'),
(510,'Ariana Dearth','2002-08-12','adearthe5@wsj.com','9 6th Crossing','Braunschweig'),
(511,'Kip Stower','2003-09-24','kstowere6@marketwatch.com','5628 Logan Crossing','Blois'),
(512,'Sauncho Loseke','2002-11-16','slosekee7@barnesandnoble.com','14096 Golf Course Avenue','San Juan'),
(513,'Persis McCrae','2002-07-14','pmccraee8@imdb.com','75279 Westerfield Parkway','Velikooktyabrskiy'),
(514,'Stevie Tadlow','2003-02-28','stadlowe9@nifty.com','2 Hoffman Avenue','Sarrat'),
(515,'Mata Casel','2000-02-08','mcaselea@jimdo.com','8 Warner Trail','Ogaminan'),
(516,'Aggy Ruffy','2000-08-09','aruffyeb@cpanel.net','3 Havey Court','Belmullet'),
(517,'Kurtis Welldrake','2000-12-13','kwelldrakeec@gmpg.org','8 Menomonie Way','Bonpland'),
(518,'Garald Fruish','2003-03-01','gfruished@oakley.com','9440 Ilene Hill','Bianba'),
(519,'Jonie Ilive','2000-05-20','jiliveee@smh.com.au','60297 Reinke Pass','Cotabato'),
(520,'Lewiss Roden','2003-02-02','lrodenef@reuters.com','34094 Jenifer Drive','Yangong'),
(521,'Dasi Higgoe','2000-02-08','dhiggoeeg@virginia.edu','912 Golden Leaf Junction','Baocun'),
(522,'Clari Myott','2000-12-15','cmyotteh@howstuffworks.com','112 Macpherson Center','Balud'),
(523,'Bertie Karim','2002-08-26','bkarimei@bandcamp.com','04 Raven Hill','Ugra'),
(524,'Hatti Tapley','2002-01-06','htapleyej@netscape.com','04 Manufacturers Avenue','Cielmice'),
(525,'Brook Albrecht','2001-02-04','balbrechtek@com.com','370 Westport Plaza','Shajing'),
(526,'Jodie Alibone','2003-01-24','jaliboneel@photobucket.com','048 Bayside Avenue','Vale'),
(527,'Davy Waulker','2003-01-25','dwaulkerem@storify.com','80 Anhalt Drive','So Pedro Gafanhoeira'),
(528,'Bari Farey','2000-01-14','bfareyen@phoca.cz','35 Kenwood Court','Mlnk'),
(529,'Nils Duckworth','2000-04-26','nduckwortheo@t.co','04 Banding Road','Ume'),
(530,'Mab Elloway','2001-03-08','mellowayep@dmoz.org','171 Dixon Street','Las Flores'),
(531,'Lemmy Whittles','2001-03-17','lwhittleseq@timesonline.co.uk','01894 Harbort Street','Smolenskoye'),
(532,'Bing Suthworth','2003-04-29','bsuthworther@xing.com','822 American Ash Crossing','Bbdja'),
(533,'Meggie Verrick','2002-07-11','mverrickes@webeden.co.uk','87 Merrick Alley','Klagen'),
(534,'Angie Fort','2001-03-13','afortet@microsoft.com','2771 Mendota Junction','Perovo'),
(535,'Morton Hamelyn','2003-01-02','mhamelyneu@1und1.de','20812 Center Way','Valongo'),
(536,'Carmen Daton','2001-04-03','cdatonev@drupal.org','2512 Dixon Avenue','Iwakura'),
(537,'Janos Corker','2000-02-19','jcorkerew@spiegel.de','60 Maple Court','Jinjiahe'),
(538,'Livvyy Syddall','2001-06-01','lsyddallex@sourceforge.net','372 Village Junction','Brades'),
(539,'Lothaire Ruddoch','2003-06-05','lruddochey@amazon.com','36 Lakeland Street','Rosignol'),
(540,'Nani Sedgeman','2001-05-13','nsedgemanez@alexa.com','75949 Dorton Drive','Saint Petersburg'),
(541,'Giffer Bennion','2000-08-16','gbennionf0@discovery.com','558 Oriole Terrace','Atlanta'),
(542,'La verne Bogays','2002-07-22','lvernef1@fc2.com','0150 Maple Pass','Yuzhno-Sukhokumsk'),
(543,'Amalia Cosslett','2003-08-18','acosslettf2@bluehost.com','38 Merrick Alley','El Estor'),
(544,'Hal Rossi','2002-07-14','hrossif3@barnesandnoble.com','7185 Susan Place','no Kmi'),
(545,'Torin Lissimore','2000-09-14','tlissimoref4@dmoz.org','8 Mayfield Street','Pinheiro'),
(546,'Rickard Ivanets','2003-01-20','rivanetsf5@samsung.com','716 Schmedeman Center','Tallahassee'),
(547,'Ardyce Richin','2002-06-09','arichinf6@ameblo.jp','2 Village Way','Chigor'),
(548,'Corby Slogrove','2001-12-25','cslogrovef7@go.com','48 Becker Center','Ponta Grossa'),
(549,'Bria Worge','2002-10-12','bworgef8@smugmug.com','782 Canary Avenue','Wulan Hada'),
(550,'Reinwald Merwe','2000-04-24','rmerwef9@ted.com','131 Crescent Oaks Road','Guiping'),
(551,'Prescott Kinforth','1999-12-04','pkinforthfa@printfriendly.com','7 Westend Crossing','Buritama'),
(552,'Sigmund Barosch','2001-07-09','sbaroschfb@weibo.com','96358 Gale Park','Neklyudovo'),
(553,'Luca Tribe','2003-08-16','ltribefc@hud.gov','9 Bluejay Park','Gucheng'),
(554,'Erwin Jery','1999-11-27','ejeryfd@freewebs.com','80 Saint Paul Center','Yipeng'),
(555,'Anette Filipputti','2003-10-31','afilipputtife@theguardian.com','819 Elmside Alley','Skrholmen'),
(556,'Calv Tilbrook','2000-02-23','ctilbrookff@nhs.uk','92619 David Drive','Huilong'),
(557,'Evelina Soutar','2002-11-01','esoutarfg@mozilla.org','240 Superior Parkway','Senekal'),
(558,'Towney Branscombe','2003-06-26','tbranscombefh@google.ca','3 Mifflin Place','Entre Rios'),
(559,'Will Ferras','2003-01-03','wferrasfi@cargocollective.com','9 Sage Pass','Oromocto'),
(560,'Dorey Blackhurst','2000-01-03','dblackhurstfj@icio.us','88 Crowley Way','Wuqiao'),
(561,'Olva Woodstock','2003-04-22','owoodstockfk@cyberchimps.com','743 Mallory Avenue','Pesisir'),
(562,'Linell Duchateau','2003-09-17','lduchateaufl@reddit.com','1485 Forest Street','Daveluyville'),
(563,'Eilis Teaze','2003-06-06','eteazefm@wordpress.com','37 Menomonie Crossing','Iwanai'),
(564,'Garvey Tredwell','2001-12-11','gtredwellfn@blogs.com','783 Harper Circle','Tonghu'),
(565,'Leoine Kave','2001-02-03','lkavefo@123-reg.co.uk','5 Almo Parkway','Nowe Grocholice'),
(566,'Florenza Maccaddie','2000-11-08','fmaccaddiefp@delicious.com','322 Atwood Park','Duwayr Rasln'),
(567,'Rhodie Grubbe','2003-02-10','rgrubbefq@hao123.com','64 Lindbergh Terrace','Xiangyangpu'),
(568,'Sheffield Clarke','2003-01-06','sclarkefr@cocolog-nifty.com','15 East Point','Ivot'),
(569,'Rorie Bater','2001-04-12','rbaterfs@dailymail.co.uk','44 Roxbury Center','Chikola'),
(570,'Jennette Castelletti','2002-10-14','jcastellettift@cbslocal.com','073 Hansons Way','Sakaiminato'),
(571,'Jaymie Kendell','2003-04-24','jkendellfu@tmall.com','20 Westerfield Way','Fare'),
(572,'Arden Lowther','2000-10-12','alowtherfv@google.com.au','910 Marcy Hill','Usa River'),
(573,'Holmes Demangeot','1999-12-15','hdemangeotfw@cargocollective.com','644 Swallow Court','Skanr'),
(574,'Dunn De Cristoforo','2000-08-09','ddefx@ox.ac.uk','35 Macpherson Crossing','Matlang'),
(575,'Denver Proback','2002-02-17','dprobackfy@imdb.com','9 Jackson Avenue','Rolia'),
(576,'Sidonia Muston','2000-02-26','smustonfz@unc.edu','323 Montana Park','Changle'),
(577,'Merle Verzey','2001-12-18','mverzeyg0@tripadvisor.com','724 Badeau Center','Great Neck'),
(578,'Ezequiel Brede','2000-06-16','ebredeg1@auda.org.au','12 Hoffman Way','Ayo'),
(579,'Shandy Broggio','2003-06-26','sbroggiog2@zdnet.com','91 Green Ridge Junction','Garenica'),
(580,'Shanie Kondratenya','2000-08-14','skondratenyag3@reuters.com','83171 Quincy Parkway','Gurinai'),
(581,'Titos Faithorn','2001-04-09','tfaithorng4@phpbb.com','95 Debra Circle','Chilecito'),
(582,'Anna-diane Pirot','2000-01-27','apirotg5@deviantart.com','23 Northwestern Center','Wpielsk'),
(583,'Olwen Belshaw','2000-06-12','obelshawg6@scientificamerican.com','4 Esker Trail','Sinjai'),
(584,'Latia Tchaikovsky','2001-03-29','ltchaikovskyg7@disqus.com','786 Columbus Place','Cempa'),
(585,'Donall Gunningham','2002-06-17','dgunninghamg8@netvibes.com','69278 Darwin Court','Znamenskoye'),
(586,'Suzette Audley','2000-04-30','saudleyg9@hostgator.com','0 Summerview Lane','Khurrinwla'),
(587,'Gilligan Arnett','2001-06-08','garnettga@theglobeandmail.com','9 American Street','Miraflores'),
(588,'Rutledge Turley','2003-09-17','rturleygb@comsenz.com','6 Waywood Trail','Vyksa'),
(589,'Saxe Russe','2003-04-22','srussegc@qq.com','446 Memorial Crossing','Herceg-Novi'),
(590,'Rees Burtonshaw','2003-01-28','rburtonshawgd@xinhuanet.com','57703 Washington Drive','Platagata'),
(591,'Salomon Fitchen','2003-02-01','sfitchenge@google.ca','299 Gale Park','Auxerre'),
(592,'Hope covino','2000-06-09','hcovinogf@multiply.com','6570 Montana Center','Dimbokro'),
(593,'Ellary Roma','2001-06-26','eromagg@squidoo.com','77731 Dapin Crossing','Koszyce Wielkie'),
(594,'Roda Beville','2000-01-30','rbevillegh@vimeo.com','7760 Valley Edge Plaza','Las Tablas'),
(595,'Angel Abramovicz','2001-12-14','aabramoviczgi@nationalgeographic.com','2 Doe Crossing Hill','Longjin'),
(596,'Darb Hallgath','2000-08-05','dhallgathgj@diigo.com','128 Fremont Trail','Guanshan'),
(597,'Lida Pattlel','2000-02-25','lpattlelgk@yellowpages.com','7 Bowman Court','Alajuela'),
(598,'Feodora Pattini','2003-04-24','fpattinigl@latimes.com','188 Barnett Terrace','El Sauce'),
(599,'Valery Colliss','2003-07-10','vcollissgm@odnoklassniki.ru','91185 Village Green Court','Panganiban'),
(600,'Meghan Hargreave','2000-01-27','mhargreavegn@weather.com','39810 Calypso Alley','Nizhnyaya Tavda'),
(601,'Augusta Baskerfield','2003-06-18','abaskerfieldgo@newsvine.com','0 Schurz Center','Des Moines'),
(602,'Minor Ezzy','2002-07-01','mezzygp@devhub.com','59 Gateway Road','Rudo'),
(603,'Peggi Southerill','2002-08-29','psoutherillgq@mozilla.org','04 Anzinger Plaza','Mlonggo'),
(604,'Aldon Eate','2002-06-10','aeategr@cnbc.com','2 Goodland Pass','Shimen'),
(605,'Morgan Reams','2000-02-10','mreamsgs@chron.com','71 Ruskin Street','Nepolis'),
(606,'Krystyna Gimlet','2001-03-07','kgimletgt@behance.net','30689 Bayside Point','Yam'),
(607,'Rodolphe Leere','2002-12-15','rleeregu@gizmodo.com','9090 Morningstar Point','Nankai'),
(608,'Thaddeus Shrieves','2003-05-26','tshrievesgv@senate.gov','48 American Circle','Kanal'),
(609,'Adelle Aloway','2003-01-02','aalowaygw@businessweek.com','10 Homewood Lane','Libei'),
(610,'Rodi Eisikowitz','2003-10-13','reisikowitzgx@twitter.com','50 Kensington Drive','Patimuan'),
(611,'Shellysheldon Gennings','2003-09-29','sgenningsgy@fema.gov','479 Crest Line Center','Concepcin'),
(612,'Cindi Richings','2002-11-28','crichingsgz@businessweek.com','4 2nd Court','Pilar do Sul'),
(613,'Lyle Ferreli','2003-05-19','lferrelih0@themeforest.net','94406 Florence Point','Raposeira'),
(614,'Addie Lindborg','2000-05-29','alindborgh1@ezinearticles.com','31164 Arizona Avenue','Yupiltepeque'),
(615,'Fidela Blakeway','2000-07-20','fblakewayh2@abc.net.au','045 Sunbrook Terrace','Farap'),
(616,'Kellby Rape','2002-07-19','krapeh3@newsvine.com','29203 Buhler Pass','Setono'),
(617,'Nealon Onions','2001-05-01','nonionsh4@gmpg.org','7 Bashford Court','Cilentung'),
(618,'Tamiko Pinniger','2002-07-27','tpinnigerh5@rakuten.co.jp','0637 Arizona Crossing','Maliiha'),
(619,'Meredith Petre','2003-05-19','mpetreh6@huffingtonpost.com','24 Meadow Vale Court','Neochri'),
(620,'Eliot Bockmaster','2002-11-28','ebockmasterh7@indiatimes.com','932 Iowa Street','Marcq-en-Barul'),
(621,'Jeddy Pallas','2002-07-05','jpallash8@naver.com','16 Eagan Pass','Ipiales'),
(622,'Willard Gilliam','2003-11-11','wgilliamh9@spiegel.de','98191 Doe Crossing Avenue','Lile'),
(623,'Kristoforo Henriques','2001-06-18','khenriquesha@gizmodo.com','1 Cody Drive','So Pedro'),
(624,'Perry Lindelof','2000-10-31','plindelofhb@discovery.com','115 Farwell Lane','Jednoroec'),
(625,'Dani Rainard','2003-08-19','drainardhc@edublogs.org','256 Sheridan Junction','Bali'),
(626,'Sonnie Measham','2003-02-22','smeashamhd@meetup.com','525 Mitchell Road','Hoima'),
(627,'Aymer Sture','2002-03-04','asturehe@mail.ru','1839 Briar Crest Center','Ddougou'),
(628,'Goddart Pittson','2000-05-09','gpittsonhf@barnesandnoble.com','026 Forster Court','San Isidro'),
(629,'Melania Wilgar','2003-09-07','mwilgarhg@ucla.edu','68 Petterle Street','Morales'),
(630,'Elysia Shottin','2003-06-06','eshottinhh@vimeo.com','081 Doe Crossing Road','Kafr Dn'),
(631,'Clayton Webermann','2002-11-06','cwebermannhi@irs.gov','0692 Brown Center','Monte'),
(632,'Jacinta Andree','2003-11-21','jandreehj@angelfire.com','8644 Moland Center','Urug'),
(633,'Vinita Fosten','2002-06-16','vfostenhk@unicef.org','6 Fordem Court','Kuvshinovo'),
(634,'Catharine Matthieson','2002-09-04','cmatthiesonhl@jugem.jp','6 Forest Dale Crossing','Kamakura'),
(635,'Isaac Stollmeyer','2002-03-06','istollmeyerhm@artisteer.com','3 6th Terrace','Cinaga de Oro'),
(636,'Murvyn Large','2000-11-11','mlargehn@purevolume.com','25 Pine View Trail','Xinqiao'),
(637,'Lewiss Falconer-Taylor','2003-01-01','lfalconertaylorho@boston.com','06162 Marquette Road','Nong Muang Khai'),
(638,'Buddy Fawssett','2002-11-15','bfawssetthp@aol.com','94 Roth Street','Mineralnye Vody'),
(639,'Jodie Ogg','2001-05-07','jogghq@bbb.org','95498 Esker Parkway','Higashine'),
(640,'Ina Gatecliffe','2000-01-30','igatecliffehr@ameblo.jp','2291 Boyd Street','Radzanw'),
(641,'Lauraine Di Claudio','2003-09-21','ldihs@angelfire.com','9 Ramsey Drive','Jinzhou'),
(642,'Arny Ledekker','2000-05-25','aledekkerht@xinhuanet.com','1 Dunning Drive','Palmerston North'),
(643,'Kilian Huckel','2002-02-06','khuckelhu@behance.net','5315 Hintze Road','Chester'),
(644,'Giuseppe Burgyn','2003-02-08','gburgynhv@home.pl','406 Birchwood Circle','Novodmitriyevskaya'),
(645,'Miriam Birkenhead','2001-04-01','mbirkenheadhw@nasa.gov','353 Ohio Road','Shymkent'),
(646,'Marley Duff','2003-01-05','mduffhx@csmonitor.com','42515 Summer Ridge Trail','Oklahoma City'),
(647,'Cindy Messam','2000-06-18','cmessamhy@usda.gov','1682 Myrtle Plaza','Santa'),
(648,'Armand Housam','1999-12-20','ahousamhz@last.fm','2 Sugar Street','Ciketak'),
(649,'Rosemarie Powland','2000-10-08','rpowlandi0@businesswire.com','01329 Northland Parkway','Bankeryd'),
(650,'Ranique Punshon','2001-07-25','rpunshoni1@japanpost.jp','76 Lawn Crossing','Leduc'),
(651,'Rebecca Braithwait','2003-06-10','rbraithwaiti2@example.com','87 Bayside Lane','Estncia Velha'),
(652,'Clifford Olliffe','2003-06-30','colliffei3@imageshack.us','114 Lillian Avenue','Yakovlevskoye'),
(653,'Ingemar Halfhide','2001-10-06','ihalfhidei4@eventbrite.com','15 Maywood Circle','Nybro'),
(654,'Randi Pigden','2002-05-09','rpigdeni5@zimbio.com','3026 Daystar Plaza','Changuinola'),
(655,'Ki Jochen','2001-10-31','kjocheni6@plala.or.jp','3 Superior Drive','Blawi'),
(656,'Sheeree Lampet','2003-08-01','slampeti7@abc.net.au','8 Sloan Street','Cirumput'),
(657,'Wilek Bulward','2002-03-04','wbulwardi8@bloomberg.com','9 Pennsylvania Point','Sinamar'),
(658,'Candis Pitchers','1999-12-22','cpitchersi9@cam.ac.uk','1 Meadow Ridge Place','Beo'),
(659,'Egor Cuesta','2001-11-09','ecuestaia@amazon.de','923 South Parkway','Roissy Charles-de-Gaulle'),
(660,'Rodolph Pizer','2003-01-10','rpizerib@google.fr','0 Arizona Parkway','Xintai'),
(661,'Elisabetta McLaughlan','2000-07-30','emclaughlanic@1688.com','619 Pleasure Park','Mrozy'),
(662,'Xylina Garaway','2003-10-27','xgarawayid@tmall.com','33555 Blackbird Circle','Tarbes'),
(663,'Odelia Cotmore','2001-11-04','ocotmoreie@dagondesign.com','9 Nancy Alley','Chisec'),
(664,'Ebeneser Holah','2002-02-04','eholahif@bluehost.com','060 Meadow Vale Avenue','Arvidsjaur'),
(665,'Sibylla McCumskay','2003-09-16','smccumskayig@woothemes.com','63979 Gateway Alley','Kedungbulu'),
(666,'Bail Pedrick','2003-07-27','bpedrickih@google.ru','020 Vernon Court','Tatsuno'),
(667,'Gayelord Oakwood','2003-10-03','goakwoodii@cam.ac.uk','72434 Maywood Street','Karukh'),
(668,'Petunia Filasov','2003-02-01','pfilasovij@multiply.com','87 7th Hill','Apaga'),
(669,'Dionis Fleury','2000-12-12','dfleuryik@hubpages.com','55475 Oak Valley Center','Sn H'),
(670,'Letisha Backsal','2003-08-02','lbacksalil@purevolume.com','092 Porter Trail','Tyres'),
(671,'Charlot Coslitt','2002-03-30','ccoslittim@godaddy.com','48102 Charing Cross Plaza','Novodmitriyevskaya'),
(672,'Baxy Bushell','2000-08-05','bbushellin@networkadvertising.org','50577 Erie Crossing','Tobelo'),
(673,'Gracie Bourges','2002-01-26','gbourgesio@phpbb.com','4 Hanson Junction','Bang Saphan'),
(674,'Erika Bestwick','2001-05-23','ebestwickip@wix.com','9 Packers Plaza','Esil'),
(675,'Desirae Gery','2002-07-12','dgeryiq@timesonline.co.uk','5 Ridgeway Junction','Anzi'),
(676,'Dollie Deveril','2003-03-16','ddeverilir@cbsnews.com','9090 Graceland Way','Qiman'),
(677,'Patience Caze','2002-04-24','pcazeis@posterous.com','22281 Basil Way','Kachug'),
(678,'Mervin Gorges','2002-06-02','mgorgesit@wunderground.com','171 Arapahoe Point','Catayauan'),
(679,'Brietta Verrier','2002-09-04','bverrieriu@jugem.jp','74 Little Fleur Point','Cotahuasi'),
(680,'Vin Elstub','2003-06-07','velstubiv@hugedomains.com','812 Jay Lane','Buffalo'),
(681,'Esdras De Bell','2001-11-02','edeiw@nasa.gov','8876 Annamark Park','Tit Mellil'),
(682,'Nealon Reynalds','2002-02-14','nreynaldsix@ovh.net','650 American Ash Park','Kinlough'),
(683,'Lauren Setterfield','2001-10-23','lsetterfieldiy@taobao.com','9 Thompson Point','Chisht-e Sharf'),
(684,'Chelsea Donwell','2001-03-23','cdonwelliz@marriott.com','14191 Crescent Oaks Way','Santo Tom'),
(685,'Valenka O\'Griffin','2003-11-09','vogriffinj0@youtu.be','17921 Barnett Lane','Quitilipi'),
(686,'Adoree Faye','2001-03-04','afayej1@bing.com','007 Sutteridge Hill','Putre'),
(687,'Emilia Pilmer','2001-02-18','epilmerj2@oracle.com','7 Saint Paul Alley','Lorino'),
(688,'Garv Huban','2001-10-06','ghubanj3@typepad.com','45 Coleman Junction','Tenjolaya'),
(689,'Clea Casswell','2003-03-19','ccasswellj4@icio.us','39 Crescent Oaks Point','Trnovska Vas'),
(690,'Gene Karet','1999-12-14','gkaretj5@baidu.com','79026 Twin Pines Circle','Riz'),
(691,'Ardyth Whitty','2002-04-09','awhittyj6@1und1.de','9 Homewood Junction','Santiago de Cuba'),
(692,'Danila Vickery','2003-06-21','dvickeryj7@squidoo.com','3 Fallview Junction','Chiang Yuen'),
(693,'Maynord De Bruijn','2003-09-22','mdej8@loc.gov','1 International Place','Zbytkw'),
(694,'Celine Megany','2003-08-21','cmeganyj9@google.com','66 Atwood Alley','Qarauxur'),
(695,'Hedi Manicom','2001-10-24','hmanicomja@zimbio.com','97267 Dunning Place','Dongyong'),
(696,'Moira Gofford','2000-09-06','mgoffordjb@amazon.co.uk','5 Arizona Terrace','Podkamennaya Tunguska'),
(697,'Artus Duigenan','2002-02-18','aduigenanjc@themeforest.net','6319 Mallard Plaza','yioi Apstoloi'),
(698,'Daffie Cloke','2003-01-29','dclokejd@accuweather.com','96 Delaware Court','Selaphum'),
(699,'Ike Parks','2000-01-27','iparksje@nationalgeographic.com','82079 Springview Trail','Zamoskvorechye'),
(700,'Larina Grzegorek','2001-07-12','lgrzegorekjf@nps.gov','62597 Northridge Terrace','Pampamarca'),
(701,'Glori Everall','2003-10-06','geveralljg@opensource.org','83 Longview Circle','Paris 09'),
(702,'Berte Trorey','2003-11-25','btroreyjh@xinhuanet.com','0 Hovde Avenue','Gobojango'),
(703,'Aleda Gurden','2001-04-15','agurdenji@usnews.com','2028 Kipling Hill','Kamyshevatskaya'),
(704,'Theodor Ashbolt','2002-05-25','tashboltjj@chicagotribune.com','34817 West Road','Shreveport'),
(705,'Jonathan Gerlack','2000-10-13','jgerlackjk@imdb.com','125 Maywood Plaza','Pizhanka'),
(706,'Yehudi Robert','2002-12-19','yrobertjl@fastcompany.com','0053 North Alley','Ubay'),
(707,'Armin Biskupek','2002-07-04','abiskupekjm@over-blog.com','7 Meadow Valley Crossing','Wirodayan'),
(708,'Deidre Defont','2003-01-07','ddefontjn@va.gov','05 Eastlawn Road','San Miguel Ixtahuacn'),
(709,'Eadith Rustedge','2002-02-25','erustedgejo@goodreads.com','4 Hudson Park','San Miguel'),
(710,'Wilma Midlar','2001-07-23','wmidlarjp@clickbank.net','86438 Shopko Way','Hongqi'),
(711,'Charlotta Quogan','2001-03-31','cquoganjq@tumblr.com','58104 Kim Park','Belmopan'),
(712,'Zeb Reboulet','2002-05-02','zrebouletjr@diigo.com','6 Golf View Lane','Chaem Luang'),
(713,'Thomasine Hazeldene','2002-08-18','thazeldenejs@nih.gov','15944 5th Point','Ust-Dzheguta'),
(714,'Milton Lodo','2003-03-14','mlodojt@istockphoto.com','29047 Monument Drive','Kunice pod Ondejnkem'),
(715,'Eudora Seckington','2001-10-16','eseckingtonju@xinhuanet.com','3427 Red Cloud Court','Blawi'),
(716,'Osgood Milella','2002-08-06','omilellajv@over-blog.com','2098 Arrowood Park','Rquira'),
(717,'Fin Keightley','2002-05-02','fkeightleyjw@bloomberg.com','4077 Jenna Avenue','Ronneby'),
(718,'Kaylyn De Antoni','2003-06-19','kdejx@issuu.com','64045 Russell Drive','Macha'),
(719,'Paula Maude','2003-01-15','pmaudejy@ocn.ne.jp','53 Canary Place','Borzjn'),
(720,'Aleta Meechan','2001-10-08','ameechanjz@php.net','0 Carey Court','Pingtang'),
(721,'Garrett Fishley','2001-02-15','gfishleyk0@cpanel.net','1936 Arrowood Junction','Yauca'),
(722,'Skippie Grason','2002-08-19','sgrasonk1@jigsy.com','75938 Victoria Place','Yonghe'),
(723,'Sander Crutchfield','2002-04-08','scrutchfieldk2@ask.com','44 Talmadge Junction','Arosbaya'),
(724,'Axel Arington','2003-09-27','aaringtonk3@tripod.com','1451 Butterfield Crossing','Shuitianzhuang'),
(725,'Briant Luppitt','2000-03-07','bluppittk4@photobucket.com','5 Mcguire Alley','Wete'),
(726,'Storm Hannabuss','2000-12-31','shannabussk5@shutterfly.com','60 Parkside Place','Yantan'),
(727,'Sean Lynds','2001-11-05','slyndsk6@blog.com','0 Rockefeller Pass','Yuanqiao'),
(728,'Trumann Graybeal','2003-01-25','tgraybealk7@cornell.edu','71283 Eagle Crest Parkway','Alejo Ledesma'),
(729,'Vernice Janecek','2002-10-01','vjanecekk8@github.io','679 Pond Junction','Bugang'),
(730,'Nichole Shorthouse','2000-01-02','nshorthousek9@paginegialle.it','4049 Karstens Point','Zombo'),
(731,'Leupold Wolpert','2003-04-29','lwolpertka@mediafire.com','54298 Porter Hill','Tupesy'),
(732,'Allard Worham','2003-03-13','aworhamkb@goo.ne.jp','851 Kipling Crossing','Melfi'),
(733,'Stephen Flukes','2003-07-10','sflukeskc@wikimedia.org','75 Sycamore Avenue','Goba'),
(734,'Baxie Gutch','2000-10-21','bgutchkd@cloudflare.com','22 Scofield Alley','Taysr'),
(735,'Bartie Augie','2000-09-26','baugieke@dion.ne.jp','575 Mallory Park','Malakand'),
(736,'Malissa Caudwell','2003-10-07','mcaudwellkf@google.co.uk','0 Oxford Road','Mengjia'),
(737,'Flinn Pouton','2001-07-04','fpoutonkg@livejournal.com','646 Garrison Trail','Mozhaysk'),
(738,'Truda MacScherie','2001-07-07','tmacscheriekh@is.gd','27 Schlimgen Way','Tingping'),
(739,'Mace Truswell','2001-01-18','mtruswellki@tumblr.com','7287 Elmside Court','Poncokusumo'),
(740,'Carree Hurling','2002-09-09','churlingkj@furl.net','3 Carpenter Terrace','San Jos de Mayo'),
(741,'Essy Gallego','2001-10-18','egallegokk@flickr.com','83880 Rigney Crossing','Concepcin del Uruguay'),
(742,'Tove Durbann','2002-05-07','tdurbannkl@mozilla.com','8 Continental Center','Kajiki'),
(743,'Fawne Ridgway','1999-12-08','fridgwaykm@51.la','7 Jenna Parkway','Daitch'),
(744,'Marylinda Trundell','2002-01-30','mtrundellkn@technorati.com','33663 Northfield Crossing','Dorp Antriol'),
(745,'Katrine Panichelli','2002-04-01','kpanichelliko@addtoany.com','03 Clemons Drive','Mayskiy'),
(746,'Hobard Zahor','2002-01-11','hzahorkp@sina.com.cn','16076 Cody Parkway','La Libertad'),
(747,'Aloisia Pickerin','2002-12-31','apickerinkq@yahoo.co.jp','58451 Grim Street','Jocotenango'),
(748,'Ringo Shingfield','2003-10-20','rshingfieldkr@github.com','491 Golf Course Park','Mailsi'),
(749,'Hillard Swafield','2000-06-01','hswafieldks@ustream.tv','26 Jay Drive','Huangjin'),
(750,'Monti Dawber','2001-12-17','mdawberkt@yale.edu','6 Spenser Court','Watuagung'),
(751,'Tanya Rosenbarg','2001-12-08','trosenbargku@jugem.jp','080 American Terrace','Karanlukh'),
(752,'Reinwald Cejka','2001-04-28','rcejkakv@seattletimes.com','9657 Armistice Avenue','To Pujio'),
(753,'Keenan Hiseman','2000-02-19','khisemankw@friendfeed.com','80039 Manufacturers Court','Huansheng'),
(754,'Dom Proudlock','2000-09-30','dproudlockkx@miitbeian.gov.cn','54306 Dunning Center','Huangqi'),
(755,'Wynne Wheater','2003-09-23','wwheaterky@un.org','5 Havey Avenue','Wagar'),
(756,'Normy Scimoni','2000-03-15','nscimonikz@prweb.com','2 Grim Way','Velikiy Novgorod'),
(757,'Beitris Maryman','2001-01-03','bmarymanl0@theguardian.com','6 Morning Lane','Nagasari'),
(758,'Wait Wharlton','2003-06-09','wwharltonl1@dion.ne.jp','7088 Bonner Court','Kremidivka'),
(759,'Merry Ziems','2001-02-24','mziemsl2@wikimedia.org','0428 Rutledge Lane','Sn Tnh'),
(760,'Golda Carrell','2000-03-25','gcarrelll3@netvibes.com','428 Marquette Road','Los Pinos'),
(761,'Melinda Curtis','2000-10-07','mcurtisl4@fotki.com','1 Sherman Parkway','Vihti'),
(762,'Rivy Birdwhistell','2002-11-20','rbirdwhistelll5@chicagotribune.com','70933 Schurz Court','Guanshui'),
(763,'Zelda Alessandretti','2002-10-13','zalessandrettil6@studiopress.com','67873 Shelley Street','Tangguhang'),
(764,'Deane Sines','2002-06-18','dsinesl7@fotki.com','694 Jackson Way','Kanbe'),
(765,'Vernon Scrivens','2000-03-19','vscrivensl8@noaa.gov','7 Mallory Road','Baroy'),
(766,'Faustina Cowthard','2000-11-28','fcowthardl9@lycos.com','353 Lerdahl Plaza','Tambo'),
(767,'Normie Iwanowicz','2000-09-21','niwanowiczla@e-recht24.de','355 Karstens Trail','Kompti'),
(768,'Irwinn Brunsen','2000-02-04','ibrunsenlb@house.gov','4782 Center Hill','Malekn'),
(769,'Mozes Grubb','2000-09-24','mgrubblc@altervista.org','7 Ohio Pass','Yian'),
(770,'Jacki Kopacek','2003-01-13','jkopacekld@behance.net','26 Melby Street','Qiaobian'),
(771,'Junette Bircher','2000-02-25','jbircherle@creativecommons.org','47 Little Fleur Trail','Bromma'),
(772,'Ann Cecere','2002-05-30','acecerelf@google.fr','15 Lyons Circle','Capela'),
(773,'Chad Whiley','2002-01-22','cwhileylg@nyu.edu','78 Namekagon Lane','Cegw'),
(774,'Filide Sciusscietto','2000-05-23','fsciussciettolh@gravatar.com','7049 Summit Place','Neglasari'),
(775,'Cybil Glashby','2003-09-27','cglashbyli@spiegel.de','56592 Anthes Pass','Agrelo'),
(776,'Minette Biffen','2002-07-10','mbiffenlj@washingtonpost.com','2 Pennsylvania Plaza','Jiakexi'),
(777,'Sharline Gelling','2000-06-02','sgellinglk@intel.com','8 4th Center','Gostim'),
(778,'Daryl Carey','2001-03-17','dcareyll@pcworld.com','4 Calypso Trail','Tawa'),
(779,'Almire Trowel','2000-09-04','atrowellm@1und1.de','2 Northfield Trail','Kirkton'),
(780,'Kinsley Battison','2003-05-20','kbattisonln@google.cn','22358 Northridge Plaza','Mesimri'),
(781,'Fidel Couser','2003-06-03','fcouserlo@wikispaces.com','19239 Muir Parkway','Bolanon'),
(782,'Lynnette Djekovic','2003-07-07','ldjekoviclp@squarespace.com','4 Milwaukee Center','Rathangan'),
(783,'Terrye Selwyne','2000-03-21','tselwynelq@redcross.org','0 Reinke Road','San Juan de los Morros'),
(784,'Winnah Guidetti','2001-08-16','wguidettilr@multiply.com','22 Thackeray Center','Wansheng'),
(785,'Frankie Fedder','2002-07-01','ffedderls@elpais.com','358 Saint Paul Terrace','Smb'),
(786,'Gare Escolme','2001-11-29','gescolmelt@zdnet.com','4 Laurel Alley','Tamuning-Tumon-Harmon Village'),
(787,'Melissa Coytes','2003-03-23','mcoyteslu@quantcast.com','32403 Old Shore Crossing','Altay sumu'),
(788,'Valencia Labusch','2000-01-30','vlabuschlv@merriam-webster.com','69 Red Cloud Road','Simo Satu'),
(789,'Corissa Yewdale','2000-10-30','cyewdalelw@miitbeian.gov.cn','7015 Swallow Center','Qiantang'),
(790,'Haley Gratland','2000-10-21','hgratlandlx@de.vu','72 Knutson Terrace','Xingdian'),
(791,'Fionnula Rilston','2001-12-15','frilstonly@imageshack.us','0043 Spenser Trail','Vrzea de Sintra'),
(792,'Engelbert Lapsley','2000-01-24','elapsleylz@sogou.com','007 Golden Leaf Center','Podkumskiy'),
(793,'Waite Depka','2002-03-29','wdepkam0@shutterfly.com','55 North Lane','Piskivka'),
(794,'Elberta Goodrum','2001-03-27','egoodrumm1@cnbc.com','9 Farragut Street','Rennes'),
(795,'Evelyn Ashwood','2002-09-14','eashwoodm2@posterous.com','13 Homewood Crossing','Pervomaysk'),
(796,'Nonna Hutchinson','2002-04-19','nhutchinsonm3@walmart.com','97 Pennsylvania Pass','Bulualto'),
(797,'Delano Schimke','2000-03-30','dschimkem4@cmu.edu','200 Clyde Gallagher Parkway','Pasirmukti'),
(798,'Joni Oran','2001-04-05','joranm5@springer.com','2600 Mayer Hill','Na Plla'),
(799,'Killian Cecil','2002-05-31','kcecilm6@foxnews.com','1781 Glacier Hill Court','Skolkovo'),
(800,'Shandra Ponnsett','2002-12-06','sponnsettm7@yale.edu','9893 Sundown Alley','Sendai'),
(801,'Johnathan Horry','2003-02-20','jhorrym8@arstechnica.com','61 Sommers Trail','Shubenka'),
(802,'Newton Greensmith','2001-07-20','ngreensmithm9@rambler.ru','497 Lillian Pass','Ostaszewo'),
(803,'Randell Dyte','2003-03-24','rdytema@about.com','088 Havey Road','Khiv'),
(804,'Ahmed Debnam','2002-12-05','adebnammb@desdev.cn','54619 Melody Parkway','Cafe'),
(805,'Gwennie Gibbs','2002-04-10','ggibbsmc@bbb.org','7 John Wall Plaza','Lubukgadang'),
(806,'Clare Plowright','2002-09-01','cplowrightmd@slate.com','42259 Holmberg Avenue','Heyu'),
(807,'Dorothea Streetfield','2002-04-24','dstreetfieldme@comcast.net','160 Portage Hill','Mdab'),
(808,'Brendon Bernet','2003-06-29','bbernetmf@ed.gov','1 Fair Oaks Lane','Naebugis'),
(809,'Rhonda Pevie','2001-02-05','rpeviemg@shinystat.com','9807 Golf View Road','Baoshan'),
(810,'Anetta Hamfleet','2003-04-03','ahamfleetmh@4shared.com','822 Fairview Road','Jiayi'),
(811,'Regan Sorton','2002-09-07','rsortonmi@theatlantic.com','2358 Bluejay Road','Chedao'),
(812,'Janie Showt','2000-09-01','jshowtmj@apple.com','1 Summer Ridge Trail','Arroio Grande'),
(813,'Nadya Braznell','2002-10-22','nbraznellmk@google.de','4 Delaware Park','Tucum'),
(814,'Manny Kidder','1999-12-04','mkidderml@barnesandnoble.com','62326 Oak Road','Skellefte'),
(815,'Cart Ohrtmann','2001-04-29','cohrtmannmm@epa.gov','793 Banding Park','Guapor'),
(816,'Oona Lorans','2003-09-19','oloransmn@hibu.com','79 Manley Court','Amarillo'),
(817,'Correy Pimmocke','2002-11-13','cpimmockemo@microsoft.com','984 Mitchell Street','Ben Beraq'),
(818,'Jervis Cosgrave','2000-01-30','jcosgravemp@google.com.br','3 Lunder Pass','Mahbd'),
(819,'Broddy Mateus','2002-10-26','bmateusmq@indiegogo.com','80856 Pleasure Place','Wonorejo Dua'),
(820,'Genny Haythornthwaite','2003-05-02','ghaythornthwaitemr@is.gd','9 Truax Lane','Limbi'),
(821,'Sasha Camolli','2000-09-15','scamollims@dailymail.co.uk','4425 Nancy Junction','Baiguo'),
(822,'Henrik Greystock','2003-10-21','hgreystockmt@youtu.be','6332 Sherman Crossing','Smyga'),
(823,'Jeannie Densun','2002-02-25','jdensunmu@google.co.uk','11858 Mayer Junction','Ambarawa'),
(824,'Alphonso Leteurtre','2000-09-20','aleteurtremv@miitbeian.gov.cn','438 Johnson Terrace','Tidaholm'),
(825,'Ernie Habens','2001-09-28','ehabensmw@com.com','64 Hovde Place','Kende'),
(826,'Jobina Issacof','2000-07-28','jissacofmx@ox.ac.uk','28 Reinke Park','Sentani'),
(827,'Marchall Wolpert','2000-01-29','mwolpertmy@hexun.com','1 Namekagon Road','Al Jb'),
(828,'Sharai Flavelle','2000-05-31','sflavellemz@wikipedia.org','59402 Northview Alley','Abaca'),
(829,'Jamison Legion','2002-04-30','jlegionn0@mail.ru','99 Charing Cross Junction','Quetta'),
(830,'Fidelio Feedham','2001-07-22','ffeedhamn1@usa.gov','1943 Kingsford Crossing','Saint-Brieuc'),
(831,'Lionello Wanden','2002-04-13','lwandenn2@webeden.co.uk','0880 Nevada Terrace','Dongtundu'),
(832,'Adamo Everleigh','2000-08-13','aeverleighn3@deliciousdays.com','629 Transport Center','Hecheng'),
(833,'Gerrilee Luttgert','2000-04-20','gluttgertn4@smh.com.au','35 Cascade Hill','Strawberry Hills'),
(834,'Fernando Iacovacci','2000-01-06','fiacovaccin5@toplist.cz','4281 Iowa Court','Orange'),
(835,'Ewan Tollett','2002-01-05','etollettn6@gov.uk','2 Grim Center','Bng Lng'),
(836,'Bank Pachmann','2001-06-28','bpachmannn7@mediafire.com','637 Sunfield Parkway','Ocho Rios'),
(837,'Raynard Chalker','2000-04-30','rchalkern8@facebook.com','815 Declaration Center','Castro Daire'),
(838,'Gerard Forman','2002-05-16','gformann9@theguardian.com','61163 Algoma Lane','Urazovka'),
(839,'Kalvin Ligertwood','2002-02-18','kligertwoodna@nba.com','8490 Texas Court','Nam Phong'),
(840,'Kiah Lyver','2001-12-24','klyvernb@ustream.tv','31538 Gina Circle','North Saanich'),
(841,'Brook Tappor','2003-05-31','btappornc@goo.ne.jp','2 Rusk Terrace','Phoenix'),
(842,'Idette Jewell','2003-02-21','ijewellnd@symantec.com','97 Anniversary Center','Shengmi'),
(843,'Velma Alder','2002-07-29','valderne@japanpost.jp','20 Hooker Pass','Rinconada'),
(844,'Lyndy Sharpus','2002-02-06','lsharpusnf@pcworld.com','57885 Mosinee Trail','Fraskr'),
(845,'Adele Clilverd','2001-08-07','aclilverdng@theglobeandmail.com','115 Lien Alley','Aknoul'),
(846,'Jenna Shaughnessy','2003-07-27','jshaughnessynh@wufoo.com','85091 Golden Leaf Point','Yuandianhui'),
(847,'Truda Alred','2000-11-13','talredni@fotki.com','4779 Lake View Way','Pindobau'),
(848,'Gilbertina Bogace','2002-05-09','gbogacenj@spiegel.de','441 Shasta Center','Shuangcheng'),
(849,'Lev Fireman','2003-06-07','lfiremannk@cnet.com','15761 Evergreen Pass','Mides'),
(850,'Marybeth Arrault','2000-02-29','marraultnl@bloglines.com','1764 Barnett Point','Fangxiang'),
(851,'Cathie Cramphorn','2003-03-30','ccramphornnm@mapquest.com','37 Florence Hill','Xiongbei'),
(852,'Dahlia Racher','2003-08-07','drachernn@mozilla.com','72970 Bartillon Street','Karangan'),
(853,'Dita Yedall','1999-12-20','dyedallno@ovh.net','77 Texas Terrace','Kakuda'),
(854,'Flory Joliffe','2001-01-04','fjoliffenp@slate.com','016 Macpherson Alley','Galis'),
(855,'Riane Arnau','2000-10-15','rarnaunq@techcrunch.com','3534 Hintze Crossing','Bancar'),
(856,'Derrik Brabban','2001-05-24','dbrabbannr@prweb.com','4267 Anthes Drive','Uglegorsk'),
(857,'Lionel Braine','2002-03-13','lbrainens@fc2.com','83 David Street','Morrison'),
(858,'Barnebas Weagener','2001-03-28','bweagenernt@1und1.de','49283 Johnson Crossing','Xincheng'),
(859,'Trista Mason','2003-10-08','tmasonnu@dyndns.org','75 Farwell Pass','Bartica'),
(860,'Augusto Vedenyapin','2000-01-09','avedenyapinnv@google.de','161 Sunbrook Park','New Yekepa'),
(861,'Immanuel Haberfield','2000-08-06','ihaberfieldnw@goodreads.com','8 Goodland Junction','Juntas'),
(862,'Klara Standish','2002-11-04','kstandishnx@sphinn.com','28562 Continental Terrace','Shuicha'),
(863,'Carly Curwen','2003-01-26','ccurwenny@edublogs.org','0 Scoville Street','Mombasa'),
(864,'Pollyanna Quainton','2002-05-25','pquaintonnz@dmoz.org','1 Lien Center','Acar'),
(865,'Domenic Brinkworth','2002-10-19','dbrinkwortho0@hhs.gov','717 Summit Hill','Vayk'),
(866,'Willey Shorto','2002-08-08','wshortoo1@gravatar.com','787 Fair Oaks Point','Coromandel'),
(867,'Tina Raysdale','2000-04-03','traysdaleo2@intel.com','2747 Elmside Center','Karangtanjung'),
(868,'Lance Nise','2000-12-11','lniseo3@drupal.org','1058 3rd Center','Chaihu'),
(869,'Rob Batchan','2001-03-21','rbatchano4@cpanel.net','01 Randy Crossing','Santo Antnio de Pdua'),
(870,'Dulce Tipple','2002-07-12','dtippleo5@tuttocitta.it','407 Artisan Circle','Nizhneivkino'),
(871,'Skylar MacTerrelly','2001-09-24','smacterrellyo6@blogspot.com','914 Pearson Lane','Vygonichi'),
(872,'Alva Lasslett','2001-11-14','alassletto7@nyu.edu','31 Schurz Plaza','Samboan'),
(873,'Ansley Ajsik','2003-10-19','aajsiko8@berkeley.edu','35 Larry Pass','Estacion'),
(874,'Maisey Gravey','2000-03-12','mgraveyo9@census.gov','17288 Forest Run Avenue','ihle'),
(875,'Neddie Sutter','2002-07-10','nsutteroa@studiopress.com','21080 Caliangt Park','Otradnoye'),
(876,'Kora Lytle','2001-08-18','klytleob@ucla.edu','9 Fulton Street','Yangzhuang'),
(877,'Gifford Blackmore','2001-02-02','gblackmoreoc@ucsd.edu','6 Packers Way','Butuan'),
(878,'Carlynn Zemler','2001-07-13','czemlerod@163.com','0 Graceland Place','Xinji'),
(879,'Cynthea Calderonello','2000-08-07','ccalderonellooe@sphinn.com','6132 Jackson Way','Berlin'),
(880,'Jock Rubinovitch','2003-05-11','jrubinovitchof@moonfruit.com','25 Fair Oaks Drive','Alvaro Obregon'),
(881,'Chicky Strettell','2003-05-30','cstrettellog@ed.gov','3287 Killdeer Parkway','Liuhuang'),
(882,'Vonnie Hoble','2001-05-12','vhobleoh@scientificamerican.com','0213 Drewry Park','Clondalkin'),
(883,'Muire Childs','2003-10-02','mchildsoi@nature.com','40732 Fisk Street','Quimper'),
(884,'Abigael Scambler','2001-05-06','ascambleroj@purevolume.com','49684 Nova Street','Lishu'),
(885,'Carey Chadd','2002-03-14','cchaddok@ycombinator.com','12540 Starling Street','Mocun'),
(886,'Burton Romero','2001-12-16','bromerool@oaic.gov.au','3958 Gulseth Hill','Bobon'),
(887,'Derk Gallety','2002-11-09','dgalletyom@bing.com','456 Union Drive','Thnh Ph H Long'),
(888,'Maria Mackness','2002-04-29','mmacknesson@webnode.com','3443 Shelley Center','Fengxizhai'),
(889,'Irene Wiffler','2002-11-15','iwiffleroo@epa.gov','86178 8th Drive','Ocumare del Tuy'),
(890,'Arlyne Baldini','2000-05-03','abaldiniop@google.co.uk','51142 Jay Court','Szombathely'),
(891,'Law Sprull','2002-07-31','lsprulloq@issuu.com','7 Redwing Pass','Novozavidovskiy'),
(892,'Maurice Hynes','2001-02-23','mhynesor@wp.com','6463 Armistice Parkway','Marte'),
(893,'Bailey Frontczak','2003-10-01','bfrontczakos@parallels.com','529 Carpenter Court','Nkurenkuru'),
(894,'Lyndell Peter','2000-07-06','lpeterot@dion.ne.jp','3 Gale Court','Aban'),
(895,'Maximilianus Scadding','2000-03-21','mscaddingou@spiegel.de','573 Rieder Court','Presidente Epitcio'),
(896,'Wake Hewins','2002-08-09','whewinsov@addtoany.com','75 Vahlen Street','Karkkila'),
(897,'Stearne Grimble','2002-10-20','sgrimbleow@upenn.edu','9416 Springs Drive','Lomba'),
(898,'Allie Cornelius','2003-03-11','acorneliusox@purevolume.com','5 La Follette Court','Igarra'),
(899,'Neron Shoppee','2003-09-25','nshoppeeoy@samsung.com','93 Anniversary Point','Tall a amn'),
(900,'Colline Mecco','2000-12-25','cmeccooz@msn.com','235 Oak Street','Kilks'),
(901,'Daune Casine','2003-04-10','dcasinep0@bigcartel.com','607 Jenifer Terrace','Kovernino'),
(902,'Hi O\'Carmody','2003-08-30','hocarmodyp1@w3.org','01701 Gateway Circle','Ortiga'),
(903,'Alfred Domenichini','2002-08-23','adomenichinip2@angelfire.com','5540 Fulton Crossing','Mafraq'),
(904,'Marillin Huton','2001-09-09','mhutonp3@phoca.cz','4371 Fairview Alley','Mancogeh'),
(905,'Valentina MacRierie','2000-10-23','vmacrieriep4@dailymotion.com','60 Birchwood Crossing','Gressier'),
(906,'Gordon Reddle','2001-07-31','greddlep5@usa.gov','532 Butterfield Hill','Bambous Virieux'),
(907,'Emilee Ewings','2001-08-28','eewingsp6@narod.ru','1453 Columbus Pass','Yubileynyy'),
(908,'Sharai Grieg','2000-11-30','sgriegp7@sbwire.com','11 Lyons Center','Bayt Ysh'),
(909,'Ralph Sagg','2001-09-15','rsaggp8@studiopress.com','87091 Hintze Place','Anwen'),
(910,'Ronni Coldridge','2001-09-29','rcoldridgep9@phpbb.com','96 Annamark Place','Th Trn Vit Lm'),
(911,'Benedick Shiril','2002-12-25','bshirilpa@vkontakte.ru','303 Barby Point','Wuxue Shi'),
(912,'Rowney Jarmyn','2003-07-29','rjarmynpb@posterous.com','3 Montana Point','Almodvar'),
(913,'Agnola Mainson','2000-06-08','amainsonpc@blog.com','9 Service Parkway','Gimcheon'),
(914,'Erroll Cowser','2000-06-23','ecowserpd@guardian.co.uk','902 Steensland Trail','Uzyn'),
(915,'Guss Bumphries','2001-06-01','gbumphriespe@go.com','52 Scott Place','Cavaillon'),
(916,'Ealasaid Risborough','2003-08-01','erisboroughpf@hostgator.com','080 Troy Terrace','Guyang'),
(917,'Jerrold Hargreave','2000-06-08','jhargreavepg@hc360.com','542 Golf Point','Aco'),
(918,'Lyndsay Pilmore','2000-10-28','lpilmoreph@nps.gov','2742 Shoshone Street','Chengdong'),
(919,'Frasier Haggarth','2001-12-06','fhaggarthpi@nymag.com','5786 Farwell Point','Sheffield'),
(920,'Patton Scargle','2000-04-06','pscarglepj@columbia.edu','2937 Mosinee Crossing','Buenavista'),
(921,'Brnaba Askell','2002-03-04','baskellpk@technorati.com','15 Elmside Circle','Aleg'),
(922,'Betta Sarvar','2000-07-08','bsarvarpl@over-blog.com','15 Novick Way','Canchayllo'),
(923,'Nada Gough','2002-03-02','ngoughpm@hexun.com','4558 Superior Park','Jianzhatan'),
(924,'Teena Fosdick','2003-10-14','tfosdickpn@wordpress.com','3042 Mandrake Circle','Sincelejo'),
(925,'Kristin Morby','2001-03-07','kmorbypo@about.com','48 Scott Junction','Des'),
(926,'Paxon Peers','2002-10-02','ppeerspp@ehow.com','16 Homewood Point','Jinchuan'),
(927,'Duane Layman','2002-12-23','dlaymanpq@nhs.uk','57 Blaine Road','Sangesi'),
(928,'Debera Doggart','2002-05-02','ddoggartpr@wikia.com','61 Transport Road','Giero'),
(929,'Kincaid Dysart','2001-08-13','kdysartps@bbc.co.uk','7770 Grayhawk Parkway','Krajan Karanganyar'),
(930,'Modesty Gorner','2003-05-11','mgornerpt@google.cn','59 Magdeline Center','Sala'),
(931,'Barnabas Iacobassi','2003-08-30','biacobassipu@privacy.gov.au','4751 Sachs Parkway','Yaojiaji'),
(932,'Sheelah Skelton','2002-11-14','sskeltonpv@dagondesign.com','99 Mcbride Trail','Pouzauges'),
(933,'Stacee Ellingsworth','2000-09-13','sellingsworthpw@prlog.org','9 Hovde Place','Mali Io'),
(934,'Cecil Stockdale','2000-10-20','cstockdalepx@rakuten.co.jp','39029 Basil Road','Brescia'),
(935,'Kissie MacNamara','2001-01-21','kmacnamarapy@upenn.edu','5 Rusk Junction','Heqian'),
(936,'Gualterio Aitchinson','2002-06-04','gaitchinsonpz@forbes.com','2 Del Mar Circle','Sanshandao'),
(937,'Filip Ackenson','2002-01-19','fackensonq0@moonfruit.com','72644 Upham Terrace','Pukkila'),
(938,'Carolus Newvell','2000-03-03','cnewvellq1@xinhuanet.com','91 Coolidge Crossing','Austin'),
(939,'Prentice Farndale','2002-07-14','pfarndaleq2@ning.com','14 Fallview Center','Conde'),
(940,'Vin Nelthrop','2002-12-09','vnelthropq3@flickr.com','54 Carberry Plaza','Breda'),
(941,'Louis Burkart','2001-12-18','lburkartq4@smh.com.au','0 Parkside Trail','Cimanggu'),
(942,'Nani Whebell','2000-12-18','nwhebellq5@umn.edu','150 Corben Crossing','Tanjung Palas'),
(943,'Dehlia McIlvaney','2001-09-04','dmcilvaneyq6@wikipedia.org','0 Fallview Terrace','Sifangxi'),
(944,'Jaquenetta Calderon','2003-01-04','jcalderonq7@ovh.net','47858 Mesta Place','Pinoma'),
(945,'Alessandro Lay','2002-05-27','alayq8@jugem.jp','52 Jay Alley','Daping'),
(946,'Ric Bimrose','2003-04-27','rbimroseq9@discuz.net','0 Calypso Pass','Puerto Maldonado'),
(947,'Lena Crass','2001-10-30','lcrassqa@army.mil','0 Rusk Plaza','Talisay'),
(948,'Desmond Byway','2002-04-27','dbywayqb@webnode.com','77 Monument Street','Uzlovaya'),
(949,'Nollie Grishanin','2001-07-12','ngrishaninqc@wikipedia.org','95343 Vera Plaza','Port Washington'),
(950,'Fiona Rutt','1999-12-23','fruttqd@msn.com','1 Bartelt Parkway','Oslo'),
(951,'Vito Kaliszewski','2003-01-10','vkaliszewskiqe@yahoo.com','4890 Moose Plaza','Jingchuan'),
(952,'Mimi Gowenlock','2000-07-27','mgowenlockqf@wikispaces.com','23 Washington Hill','Ponce'),
(953,'Goldi Mizzi','2000-02-03','gmizziqg@twitpic.com','640 Loomis Hill','Khinjn'),
(954,'Cello Crush','2000-10-28','ccrushqh@archive.org','09379 Ilene Plaza','Sobo'),
(955,'Deena Askaw','2003-05-11','daskawqi@marketwatch.com','59 Dovetail Point','Washington'),
(956,'Lauryn Braisher','2000-03-01','lbraisherqj@etsy.com','61890 Maywood Way','Sauri'),
(957,'Marcy Hadrill','2001-12-22','mhadrillqk@mapy.cz','8 Schlimgen Way','Zocieniec'),
(958,'Conni Matusiak','1999-11-30','cmatusiakql@boston.com','1 Killdeer Park','Goryachevodskiy'),
(959,'Dewain Rouf','2001-12-23','droufqm@amazon.de','65911 Northport Avenue','Splno Krajeskie'),
(960,'Man Tacker','2001-07-30','mtackerqn@people.com.cn','48603 Farwell Avenue','Kisarazu'),
(961,'Maurise Hawe','2002-12-21','mhaweqo@hostgator.com','7 Del Mar Lane','Gis'),
(962,'Manolo Cauldwell','2002-08-26','mcauldwellqp@uol.com.br','80310 High Crossing Drive','Masis'),
(963,'Lew Hindmore','2003-11-05','lhindmoreqq@4shared.com','25609 Dennis Crossing','Cu G'),
(964,'Hew Crickmer','2001-01-02','hcrickmerqr@yahoo.co.jp','9 Manitowish Center','Guangshun'),
(965,'Theodoric Mathis','2001-11-26','tmathisqs@about.com','7 Kinsman Way','Santo Domingo'),
(966,'Ninon Hartill','2001-09-14','nhartillqt@goodreads.com','2993 Towne Pass','Laojunpo'),
(967,'Garrick Stapforth','2002-10-08','gstapforthqu@marketwatch.com','3564 Colorado Alley','Falun'),
(968,'Conney Songer','2001-03-16','csongerqv@github.io','16033 Sutteridge Center','Jinlong'),
(969,'Pierce Hazelden','2003-06-29','phazeldenqw@umich.edu','612 Anderson Junction','So Jos de Mipibu'),
(970,'Cordey Birtonshaw','2002-06-21','cbirtonshawqx@ucsd.edu','30234 Florence Way','Nusajaya'),
(971,'Freddie Ware','2000-05-15','fwareqy@live.com','390 Service Center','Wobulenzi'),
(972,'Zacharia Emmines','2002-02-12','zemminesqz@dropbox.com','4863 Magdeline Way','Sankt Andr-Hch'),
(973,'Mellisa Axston','2001-10-22','maxstonr0@icio.us','23857 Del Mar Way','Bekasi'),
(974,'Koo Griffitts','2000-04-01','kgriffittsr1@zimbio.com','15 Carey Place','Azara'),
(975,'Jonis Keyzor','2002-04-15','jkeyzorr2@weather.com','9023 Iowa Street','Perreng'),
(976,'Weider Chasteau','2000-06-04','wchasteaur3@free.fr','85352 Anthes Crossing','Napenay'),
(977,'Catharina Steptoe','2001-11-30','csteptoer4@ebay.co.uk','22770 American Ash Plaza','Bailai'),
(978,'Etheline Mewitt','2000-06-09','emewittr5@epa.gov','29 Colorado Pass','Nieying'),
(979,'Trula Hanrott','2000-05-10','thanrottr6@wix.com','13 Haas Circle','Choco'),
(980,'Aguste Garioch','1999-12-02','agariochr7@bloglines.com','750 Union Way','Orsk'),
(981,'Thadeus Bradnock','2003-10-01','tbradnockr8@bigcartel.com','95210 Prentice Pass','Ystad'),
(982,'Tammara Risson','2001-08-20','trissonr9@microsoft.com','2 Victoria Pass','Batou'),
(983,'Nathanael Dutteridge','2003-07-10','ndutteridgera@bandcamp.com','43555 Magdeline Avenue','Hedong'),
(984,'Carly Tewkesbury','2000-10-28','ctewkesburyrb@ning.com','447 Glacier Hill Hill','Taloy'),
(985,'Paolo Micheau','2002-03-14','pmicheaurc@youku.com','4 Village Green Alley','Bontoc'),
(986,'Justinian Bullard','2001-03-07','jbullardrd@ow.ly','54669 Farmco Avenue','Medenychi'),
(987,'Nicolea Eliaz','2002-10-31','neliazre@ovh.net','8 Almo Court','Caacup'),
(988,'Christel Enevoldsen','2002-04-10','cenevoldsenrf@twitter.com','3849 Nelson Plaza','Eustaquio Lopez'),
(989,'Oates Symcoxe','2002-01-12','osymcoxerg@nifty.com','2662 Melody Point','rnskldsvik'),
(990,'Cecilio Bernini','2002-05-11','cberninirh@yellowbook.com','5465 Straubel Place','Nanshan'),
(991,'Joyous Wadworth','2000-08-27','jwadworthri@lycos.com','65 Talmadge Drive','Shixi'),
(992,'Goddard Noli','2001-06-08','gnolirj@sakura.ne.jp','7798 Daystar Crossing','Vratsa'),
(993,'Fowler Gouthier','2002-09-03','fgouthierrk@google.nl','2799 Swallow Drive','Troms'),
(994,'Niel Loosley','2001-08-23','nloosleyrl@netlog.com','080 Stang Avenue','Laojieji'),
(995,'Darrel Muneely','1999-12-08','dmuneelyrm@elegantthemes.com','68750 Loomis Terrace','Dijon'),
(996,'Jacquenette Loveman','1999-11-30','jlovemanrn@i2i.jp','89 Kensington Terrace','Jagey Grande'),
(997,'Brnaba Franzonello','2003-02-05','bfranzonelloro@tumblr.com','88 Eagle Crest Circle','Bzenec'),
(998,'Raphaela Randlesome','2000-05-03','rrandlesomerp@hao123.com','034 Reinke Place','Mutis'),
(999,'Ketty Todeo','2000-02-09','ktodeorq@jigsy.com','268 Corben Junction','Valcheta'),
(1000,'Gennie Wilse','2001-12-02','gwilserr@netvibes.com','36899 Spaight Place','La Concepcion');

/*Table structure for table `subjects` */

DROP TABLE IF EXISTS `subjects`;

CREATE TABLE `subjects` (
  `id` int(11) NOT NULL,
  `name` varchar(50) DEFAULT NULL,
  `teacher` varchar(50) DEFAULT NULL,
  `department` varchar(50) DEFAULT NULL,
  `points` int(11) DEFAULT NULL,
  PRIMARY KEY (`id`)
) ENGINE=InnoDB DEFAULT CHARSET=utf8mb4;

/*Data for the table `subjects` */

insert  into `subjects`(`id`,`name`,`teacher`,`department`,`points`) values 
(1,'It','Rafa Delgadillo','Legal',5),
(2,'Matsoft','Sabrina Boch','Human Resources',5),
(3,'Namfix','Nedda Caseley','Legal',4),
(4,'Voltsillam','Eduardo Docksey','Sales',4),
(5,'Tresom','Marvin Drinkale','Product Management',1),
(6,'Ventosanzap','Rusty Pohls','Training',1),
(7,'Voyatouch','Ettie Aldwich','Training',5),
(8,'Overhold','Aurelia Kick','Product Management',3),
(9,'Sub-Ex','Yves Younie','Support',5),
(10,'Alphazap','Rhea Wind','Accounting',1),
(11,'Trippledex','Claudie Jeffcoat','Research and Development',2),
(12,'Ronstring','Vernice Fisbey','Human Resources',4),
(13,'Redhold','Beauregard Unitt','Legal',5),
(14,'Biodex','Robyn Starzaker','Business Development',5),
(15,'Flowdesk','Merwyn Tuke','Business Development',1),
(16,'Zaam-Dox','Nancy Janjic','Sales',2),
(17,'It','Giustino Tupie','Accounting',3),
(18,'Ronstring','Padraig Sarrell','Engineering',2),
(19,'Fintone','Conrad Lummasana','Services',4),
(20,'Fixflex','Georgy Girsch','Training',1);

/*Table structure for table `user` */

DROP TABLE IF EXISTS `user`;

CREATE TABLE `user` (
  `id` int(11) DEFAULT NULL,
  `username` varchar(20) DEFAULT NULL,
  `password` varchar(20) DEFAULT NULL
) ENGINE=InnoDB DEFAULT CHARSET=utf8mb4;

/*Data for the table `user` */

/*!40101 SET SQL_MODE=@OLD_SQL_MODE */;
/*!40014 SET FOREIGN_KEY_CHECKS=@OLD_FOREIGN_KEY_CHECKS */;
/*!40014 SET UNIQUE_CHECKS=@OLD_UNIQUE_CHECKS */;
/*!40111 SET SQL_NOTES=@OLD_SQL_NOTES */;
